x-axis,1,2
second,Volt,Volt
-17.10000E-03,+4.64809E-03,-293.97000E-03
-17.07500E-03,+24.74860E-03,+7.53754E-03
-17.05000E-03,-55.65341E-03,-494.97502E-03
-17.02500E-03,-25.50266E-03,+208.54257E-03
-17.00000E-03,+4.64809E-03,-796.48256E-03
-16.97500E-03,+24.74860E-03,+7.53754E-03
-16.95000E-03,-45.60316E-03,+208.54257E-03
-16.92500E-03,-25.50266E-03,+7.53754E-03
-16.90000E-03,+24.74860E-03,+7.53754E-03
-16.87500E-03,+54.89935E-03,+7.53754E-03
-16.85000E-03,-25.50266E-03,+510.05011E-03
-16.82500E-03,-25.50266E-03,+7.53754E-03
-16.80000E-03,+4.64809E-03,-494.97502E-03
-16.77500E-03,+4.64809E-03,+510.05011E-03
-16.75000E-03,+24.74860E-03,+208.54257E-03
-16.72500E-03,-25.50266E-03,-193.46748E-03
-16.70000E-03,+4.64809E-03,+510.05011E-03
-16.67500E-03,-105.90467E-03,+7.53754E-03
-16.65000E-03,-25.50266E-03,+7.53754E-03
-16.62500E-03,-75.75392E-03,+7.53754E-03
-16.60000E-03,-55.65341E-03,-494.97502E-03
-16.57500E-03,-25.50266E-03,+510.05011E-03
-16.55000E-03,-25.50266E-03,+1.01256268E+00
-16.52500E-03,+24.74860E-03,+7.53754E-03
-16.50000E-03,+54.89935E-03,+510.05011E-03
-16.47500E-03,-55.65341E-03,+309.04508E-03
-16.45000E-03,-25.50266E-03,+208.54257E-03
-16.42500E-03,+4.64809E-03,+7.53754E-03
-16.40000E-03,-25.50266E-03,-494.97502E-03
-16.37500E-03,+24.74860E-03,+510.05011E-03
-16.35000E-03,-75.75392E-03,+309.04508E-03
-16.32500E-03,-25.50266E-03,+309.04508E-03
-16.30000E-03,+54.89935E-03,+510.05011E-03
-16.27500E-03,+4.64809E-03,+7.53754E-03
-16.25000E-03,-25.50266E-03,-494.97502E-03
-16.22500E-03,-75.75392E-03,+510.05011E-03
-16.20000E-03,-25.50266E-03,+309.04508E-03
-16.17500E-03,-25.50266E-03,+510.05011E-03
-16.15000E-03,+4.64809E-03,+309.04508E-03
-16.12500E-03,-45.60316E-03,+7.53754E-03
-16.10000E-03,-25.50266E-03,+7.53754E-03
-16.07500E-03,-25.50266E-03,+7.53754E-03
-16.05000E-03,+4.64809E-03,+309.04508E-03
-16.02500E-03,-25.50266E-03,+510.05011E-03
-16.00000E-03,+4.64809E-03,+7.53754E-03
-15.97500E-03,+24.74860E-03,+7.53754E-03
-15.95000E-03,-25.50266E-03,+208.54257E-03
-15.92500E-03,-5.40216E-03,+510.05011E-03
-15.90000E-03,-25.50266E-03,-494.97502E-03
-15.87500E-03,-25.50266E-03,+7.53754E-03
-15.85000E-03,+24.74860E-03,+510.05011E-03
-15.82500E-03,+4.64809E-03,+309.04508E-03
-15.80000E-03,+24.74860E-03,+309.04508E-03
-15.77500E-03,+24.74860E-03,+7.53754E-03
-15.75000E-03,-25.50266E-03,+309.04508E-03
-15.72500E-03,+24.74860E-03,+7.53754E-03
-15.70000E-03,-25.50266E-03,+510.05011E-03
-15.67500E-03,+4.64809E-03,+7.53754E-03
-15.65000E-03,-5.40216E-03,+7.53754E-03
-15.62500E-03,+4.64809E-03,+7.53754E-03
-15.60000E-03,+4.64809E-03,-494.97502E-03
-15.57500E-03,+24.74860E-03,+7.53754E-03
-15.55000E-03,+24.74860E-03,+510.05011E-03
-15.52500E-03,-75.75392E-03,+7.53754E-03
-15.50000E-03,-5.40216E-03,+309.04508E-03
-15.47500E-03,+4.64809E-03,+7.53754E-03
-15.45000E-03,+24.74860E-03,+309.04508E-03
-15.42500E-03,-75.75392E-03,+7.53754E-03
-15.40000E-03,-25.50266E-03,+510.05011E-03
-15.37500E-03,+4.64809E-03,+811.55765E-03
-15.35000E-03,+34.79885E-03,+7.53754E-03
-15.32500E-03,-25.50266E-03,+7.53754E-03
-15.30000E-03,-55.65341E-03,+7.53754E-03
-15.27500E-03,+4.64809E-03,+510.05011E-03
-15.25000E-03,+4.64809E-03,+309.04508E-03
-15.22500E-03,-25.50266E-03,+309.04508E-03
-15.20000E-03,-25.50266E-03,-494.97502E-03
-15.17500E-03,-25.50266E-03,+309.04508E-03
-15.15000E-03,+24.74860E-03,+811.55765E-03
-15.12500E-03,-75.75392E-03,-193.46748E-03
-15.10000E-03,-75.75392E-03,+811.55765E-03
-15.07500E-03,-25.50266E-03,-494.97502E-03
-15.05000E-03,-105.90467E-03,+7.53754E-03
-15.02500E-03,+4.64809E-03,+7.53754E-03
-15.00000E-03,-25.50266E-03,+7.53754E-03
-14.97500E-03,-25.50266E-03,+7.53754E-03
-14.95000E-03,-25.50266E-03,-293.97000E-03
-14.92500E-03,-25.50266E-03,+811.55765E-03
-14.90000E-03,-75.75392E-03,+510.05011E-03
-14.87500E-03,-25.50266E-03,+7.53754E-03
-14.85000E-03,-25.50266E-03,+7.53754E-03
-14.82500E-03,-45.60316E-03,+510.05011E-03
-14.80000E-03,+4.64809E-03,+309.04508E-03
-14.77500E-03,-25.50266E-03,+7.53754E-03
-14.75000E-03,-25.50266E-03,+811.55765E-03
-14.72500E-03,-75.75392E-03,+7.53754E-03
-14.70000E-03,-25.50266E-03,+610.55262E-03
-14.67500E-03,+24.74860E-03,+7.53754E-03
-14.65000E-03,-25.50266E-03,+510.05011E-03
-14.62500E-03,+24.74860E-03,+309.04508E-03
-14.60000E-03,-25.50266E-03,+7.53754E-03
-14.57500E-03,+24.74860E-03,-193.46748E-03
-14.55000E-03,+24.74860E-03,+7.53754E-03
-14.52500E-03,-25.50266E-03,+510.05011E-03
-14.50000E-03,-25.50266E-03,+7.53754E-03
-14.47500E-03,-75.75392E-03,-293.97000E-03
-14.45000E-03,-55.65341E-03,+7.53754E-03
-14.42500E-03,-25.50266E-03,+510.05011E-03
-14.40000E-03,-25.50266E-03,+7.53754E-03
-14.37500E-03,+24.74860E-03,+7.53754E-03
-14.35000E-03,+4.64809E-03,+811.55765E-03
-14.32500E-03,+24.74860E-03,+7.53754E-03
-14.30000E-03,+24.74860E-03,+510.05011E-03
-14.27500E-03,+74.99985E-03,+7.53754E-03
-14.25000E-03,-25.50266E-03,+510.05011E-03
-14.22500E-03,-25.50266E-03,+7.53754E-03
-14.20000E-03,-25.50266E-03,+7.53754E-03
-14.17500E-03,-25.50266E-03,+811.55765E-03
-14.15000E-03,-25.50266E-03,-494.97502E-03
-14.12500E-03,+4.64809E-03,+1.31407022E+00
-14.10000E-03,-25.50266E-03,+309.04508E-03
-14.07500E-03,+4.64809E-03,+7.53754E-03
-14.05000E-03,+4.64809E-03,+510.05011E-03
-14.02500E-03,+24.74860E-03,+7.53754E-03
-14.00000E-03,-25.50266E-03,+510.05011E-03
-13.97500E-03,+54.89935E-03,+309.04508E-03
-13.95000E-03,-75.75392E-03,+7.53754E-03
-13.92500E-03,+4.64809E-03,+309.04508E-03
-13.90000E-03,+4.64809E-03,-293.97000E-03
-13.87500E-03,+54.89935E-03,+510.05011E-03
-13.85000E-03,-5.40216E-03,+7.53754E-03
-13.82500E-03,+24.74860E-03,+811.55765E-03
-13.80000E-03,-55.65341E-03,+510.05011E-03
-13.77500E-03,-25.50266E-03,+510.05011E-03
-13.75000E-03,+24.74860E-03,+510.05011E-03
-13.72500E-03,+24.74860E-03,+7.53754E-03
-13.70000E-03,-55.65341E-03,+510.05011E-03
-13.67500E-03,+4.64809E-03,+510.05011E-03
-13.65000E-03,+24.74860E-03,+1.11306519E+00
-13.62500E-03,-25.50266E-03,+811.55765E-03
-13.60000E-03,+4.64809E-03,+309.04508E-03
-13.57500E-03,+24.74860E-03,+7.53754E-03
-13.55000E-03,-25.50266E-03,+309.04508E-03
-13.52500E-03,+54.89935E-03,+811.55765E-03
-13.50000E-03,-25.50266E-03,+510.05011E-03
-13.47500E-03,+4.64809E-03,+510.05011E-03
-13.45000E-03,+4.64809E-03,+208.54257E-03
-13.42500E-03,-55.65341E-03,+7.53754E-03
-13.40000E-03,-45.60316E-03,+510.05011E-03
-13.37500E-03,+4.64809E-03,+309.04508E-03
-13.35000E-03,-25.50266E-03,+309.04508E-03
-13.32500E-03,-45.60316E-03,+7.53754E-03
-13.30000E-03,-55.65341E-03,+811.55765E-03
-13.27500E-03,-5.40216E-03,+510.05011E-03
-13.25000E-03,-25.50266E-03,+309.04508E-03
-13.22500E-03,-25.50266E-03,+7.53754E-03
-13.20000E-03,-25.50266E-03,+510.05011E-03
-13.17500E-03,+24.74860E-03,-494.97502E-03
-13.15000E-03,-25.50266E-03,+811.55765E-03
-13.12500E-03,-25.50266E-03,+7.53754E-03
-13.10000E-03,+24.74860E-03,+309.04508E-03
-13.07500E-03,-25.50266E-03,+510.05011E-03
-13.05000E-03,-25.50266E-03,+309.04508E-03
-13.02500E-03,-25.50266E-03,-494.97502E-03
-13.00000E-03,-55.65341E-03,+309.04508E-03
-12.97500E-03,+4.64809E-03,+309.04508E-03
-12.95000E-03,-25.50266E-03,+7.53754E-03
-12.92500E-03,-25.50266E-03,+510.05011E-03
-12.90000E-03,+24.74860E-03,-293.97000E-03
-12.87500E-03,-25.50266E-03,+510.05011E-03
-12.85000E-03,-25.50266E-03,+510.05011E-03
-12.82500E-03,-25.50266E-03,-494.97502E-03
-12.80000E-03,+24.74860E-03,+510.05011E-03
-12.77500E-03,+24.74860E-03,+208.54257E-03
-12.75000E-03,+54.89935E-03,+510.05011E-03
-12.72500E-03,-25.50266E-03,+7.53754E-03
-12.70000E-03,-25.50266E-03,+309.04508E-03
-12.67500E-03,+4.64809E-03,+7.53754E-03
-12.65000E-03,-75.75392E-03,+7.53754E-03
-12.62500E-03,-25.50266E-03,+510.05011E-03
-12.60000E-03,-55.65341E-03,-293.97000E-03
-12.57500E-03,+4.64809E-03,+811.55765E-03
-12.55000E-03,-25.50266E-03,+811.55765E-03
-12.52500E-03,+24.74860E-03,+811.55765E-03
-12.50000E-03,-25.50266E-03,+510.05011E-03
-12.47500E-03,+24.74860E-03,+811.55765E-03
-12.45000E-03,+24.74860E-03,+7.53754E-03
-12.42500E-03,-25.50266E-03,+510.05011E-03
-12.40000E-03,+24.74860E-03,+811.55765E-03
-12.37500E-03,-25.50266E-03,+7.53754E-03
-12.35000E-03,+4.64809E-03,+510.05011E-03
-12.32500E-03,-25.50266E-03,+811.55765E-03
-12.30000E-03,-25.50266E-03,+510.05011E-03
-12.27500E-03,-25.50266E-03,+510.05011E-03
-12.25000E-03,-75.75392E-03,+7.53754E-03
-12.22500E-03,+24.74860E-03,+811.55765E-03
-12.20000E-03,-45.60316E-03,+7.53754E-03
-12.17500E-03,+44.84910E-03,+7.53754E-03
-12.15000E-03,-75.75392E-03,+7.53754E-03
-12.12500E-03,-25.50266E-03,+208.54257E-03
-12.10000E-03,-5.40216E-03,+7.53754E-03
-12.07500E-03,+34.79885E-03,+7.53754E-03
-12.05000E-03,-75.75392E-03,+7.53754E-03
-12.02500E-03,-25.50266E-03,+811.55765E-03
-12.00000E-03,+4.64809E-03,+811.55765E-03
-11.97500E-03,-25.50266E-03,+7.53754E-03
-11.95000E-03,-25.50266E-03,+1.01256268E+00
-11.92500E-03,-25.50266E-03,+309.04508E-03
-11.90000E-03,+24.74860E-03,+510.05011E-03
-11.87500E-03,-25.50266E-03,-193.46748E-03
-11.85000E-03,-25.50266E-03,+510.05011E-03
-11.82500E-03,+24.74860E-03,+309.04508E-03
-11.80000E-03,+24.74860E-03,+510.05011E-03
-11.77500E-03,-25.50266E-03,+811.55765E-03
-11.75000E-03,-55.65341E-03,+510.05011E-03
-11.72500E-03,-25.50266E-03,+7.53754E-03
-11.70000E-03,-5.40216E-03,+510.05011E-03
-11.67500E-03,+24.74860E-03,+309.04508E-03
-11.65000E-03,-25.50266E-03,+309.04508E-03
-11.62500E-03,-25.50266E-03,+811.55765E-03
-11.60000E-03,-25.50266E-03,+309.04508E-03
-11.57500E-03,+24.74860E-03,+7.53754E-03
-11.55000E-03,-25.50266E-03,+7.53754E-03
-11.52500E-03,+54.89935E-03,+7.53754E-03
-11.50000E-03,+4.64809E-03,+309.04508E-03
-11.47500E-03,+4.64809E-03,+309.04508E-03
-11.45000E-03,-25.50266E-03,+811.55765E-03
-11.42500E-03,-55.65341E-03,+7.53754E-03
-11.40000E-03,+54.89935E-03,+811.55765E-03
-11.37500E-03,-5.40216E-03,+811.55765E-03
-11.35000E-03,+4.64809E-03,+7.53754E-03
-11.32500E-03,-25.50266E-03,+7.53754E-03
-11.30000E-03,-25.50266E-03,+811.55765E-03
-11.27500E-03,-25.50266E-03,+309.04508E-03
-11.25000E-03,-55.65341E-03,+811.55765E-03
-11.22500E-03,-25.50266E-03,+811.55765E-03
-11.20000E-03,-25.50266E-03,+309.04508E-03
-11.17500E-03,+24.74860E-03,+7.53754E-03
-11.15000E-03,+4.64809E-03,+1.31407022E+00
-11.12500E-03,-25.50266E-03,+811.55765E-03
-11.10000E-03,-25.50266E-03,+7.53754E-03
-11.07500E-03,-25.50266E-03,+811.55765E-03
-11.05000E-03,+4.64809E-03,+510.05011E-03
-11.02500E-03,+4.64809E-03,+510.05011E-03
-11.00000E-03,-25.50266E-03,+7.53754E-03
-10.97500E-03,-75.75392E-03,+510.05011E-03
-10.95000E-03,-25.50266E-03,+7.53754E-03
-10.92500E-03,-25.50266E-03,+1.11306519E+00
-10.90000E-03,+24.74860E-03,+7.53754E-03
-10.87500E-03,+24.74860E-03,-494.97502E-03
-10.85000E-03,-55.65341E-03,+309.04508E-03
-10.82500E-03,+4.64809E-03,+309.04508E-03
-10.80000E-03,+54.89935E-03,+7.53754E-03
-10.77500E-03,-25.50266E-03,+7.53754E-03
-10.75000E-03,-25.50266E-03,+510.05011E-03
-10.72500E-03,-45.60316E-03,-193.46748E-03
-10.70000E-03,+24.74860E-03,+1.01256268E+00
-10.67500E-03,-75.75392E-03,+7.53754E-03
-10.65000E-03,+54.89935E-03,+811.55765E-03
-10.62500E-03,-25.50266E-03,+7.53754E-03
-10.60000E-03,+24.74860E-03,+811.55765E-03
-10.57500E-03,-55.65341E-03,+309.04508E-03
-10.55000E-03,+54.89935E-03,+7.53754E-03
-10.52500E-03,-25.50266E-03,+510.05011E-03
-10.50000E-03,-25.50266E-03,+510.05011E-03
-10.47500E-03,-25.50266E-03,+309.04508E-03
-10.45000E-03,-25.50266E-03,+7.53754E-03
-10.42500E-03,+4.64809E-03,+7.53754E-03
-10.40000E-03,+24.74860E-03,+309.04508E-03
-10.37500E-03,-25.50266E-03,+510.05011E-03
-10.35000E-03,+24.74860E-03,+811.55765E-03
-10.32500E-03,+4.64809E-03,+510.05011E-03
-10.30000E-03,-25.50266E-03,+309.04508E-03
-10.27500E-03,-25.50266E-03,+510.05011E-03
-10.25000E-03,+54.89935E-03,+510.05011E-03
-10.22500E-03,-25.50266E-03,+811.55765E-03
-10.20000E-03,+4.64809E-03,+510.05011E-03
-10.17500E-03,+24.74860E-03,+811.55765E-03
-10.15000E-03,-25.50266E-03,+7.53754E-03
-10.12500E-03,+24.74860E-03,+7.53754E-03
-10.10000E-03,-25.50266E-03,+7.53754E-03
-10.07500E-03,+24.74860E-03,+309.04508E-03
-10.05000E-03,-25.50266E-03,+309.04508E-03
-10.02500E-03,-25.50266E-03,+309.04508E-03
-10.00000E-03,-25.50266E-03,+610.55262E-03
-9.97500E-03,+4.64809E-03,+7.53754E-03
-9.95000E-03,-105.90467E-03,+510.05011E-03
-9.92500E-03,+4.64809E-03,+7.53754E-03
-9.90000E-03,+4.64809E-03,+811.55765E-03
-9.87500E-03,-25.50266E-03,-494.97502E-03
-9.85000E-03,+54.89935E-03,+510.05011E-03
-9.82500E-03,-25.50266E-03,+7.53754E-03
-9.80000E-03,-206.40718E-03,+4.53015064E+00
-9.77500E-03,+296.10538E-03,+1.11306519E+00
-9.75000E-03,+296.10538E-03,+1.01256268E+00
-9.72500E-03,+376.50739E-03,+1.91708530E+00
-9.70000E-03,+376.50739E-03,+1.61557776E+00
-9.67500E-03,+326.25613E-03,+1.61557776E+00
-9.65000E-03,+326.25613E-03,+1.11306519E+00
-9.62500E-03,+376.50739E-03,+1.31407022E+00
-9.60000E-03,+326.25613E-03,+2.41959786E+00
-9.57500E-03,+326.25613E-03,+1.61557776E+00
-9.55000E-03,+326.25613E-03,+2.92211043E+00
-9.52500E-03,+406.65814E-03,+1.11306519E+00
-9.50000E-03,+326.25613E-03,+1.61557776E+00
-9.47500E-03,+356.40688E-03,+2.11809032E+00
-9.45000E-03,+376.50739E-03,+2.11809032E+00
-9.42500E-03,+376.50739E-03,+2.11809032E+00
-9.40000E-03,+346.35663E-03,+1.91708530E+00
-9.37500E-03,+376.50739E-03,+2.11809032E+00
-9.35000E-03,+296.10538E-03,+1.91708530E+00
-9.32500E-03,+426.75864E-03,+2.11809032E+00
-9.30000E-03,+346.35663E-03,+2.21859284E+00
-9.27500E-03,+426.75864E-03,+1.81658278E+00
-9.25000E-03,+426.75864E-03,+2.11809032E+00
-9.22500E-03,+426.75864E-03,+1.91708530E+00
-9.20000E-03,+456.90940E-03,+2.72110540E+00
-9.17500E-03,+376.50739E-03,+2.72110540E+00
-9.15000E-03,+456.90940E-03,+3.22361797E+00
-9.12500E-03,+356.40688E-03,+2.92211043E+00
-9.10000E-03,+376.50739E-03,+2.72110540E+00
-9.07500E-03,+376.50739E-03,+2.41959786E+00
-9.05000E-03,+456.90940E-03,+2.72110540E+00
-9.02500E-03,+406.65814E-03,+2.72110540E+00
-9.00000E-03,+406.65814E-03,+3.22361797E+00
-8.97500E-03,+426.75864E-03,+2.41959786E+00
-8.95000E-03,+376.50739E-03,+3.22361797E+00
-8.92500E-03,+356.40688E-03,+3.22361797E+00
-8.90000E-03,+376.50739E-03,+2.92211043E+00
-8.87500E-03,+376.50739E-03,+2.41959786E+00
-8.85000E-03,+406.65814E-03,+3.22361797E+00
-8.82500E-03,+376.50739E-03,+3.22361797E+00
-8.80000E-03,+426.75864E-03,+3.22361797E+00
-8.77500E-03,+346.35663E-03,+3.02261294E+00
-8.75000E-03,+376.50739E-03,+3.72613054E+00
-8.72500E-03,+406.65814E-03,+3.22361797E+00
-8.70000E-03,+376.50739E-03,+3.72613054E+00
-8.67500E-03,+426.75864E-03,+3.52512551E+00
-8.65000E-03,+376.50739E-03,+4.02763808E+00
-8.62500E-03,+376.50739E-03,+3.22361797E+00
-8.60000E-03,+376.50739E-03,+3.52512551E+00
-8.57500E-03,+396.60789E-03,+4.02763808E+00
-8.55000E-03,+376.50739E-03,+3.22361797E+00
-8.52500E-03,+346.35663E-03,+4.32914562E+00
-8.50000E-03,+326.25613E-03,+3.72613054E+00
-8.47500E-03,+456.90940E-03,+4.02763808E+00
-8.45000E-03,+326.25613E-03,+4.02763808E+00
-8.42500E-03,+426.75864E-03,+4.02763808E+00
-8.40000E-03,+406.65814E-03,+4.02763808E+00
-8.37500E-03,+376.50739E-03,+4.53015064E+00
-8.35000E-03,+376.50739E-03,+4.02763808E+00
-8.32500E-03,+376.50739E-03,+4.02763808E+00
-8.30000E-03,+356.40688E-03,+4.02763808E+00
-8.27500E-03,+376.50739E-03,+4.32914562E+00
-8.25000E-03,+376.50739E-03,+4.02763808E+00
-8.22500E-03,+376.50739E-03,+4.53015064E+00
-8.20000E-03,+376.50739E-03,+4.53015064E+00
-8.17500E-03,+406.65814E-03,+4.32914562E+00
-8.15000E-03,+406.65814E-03,+4.32914562E+00
-8.12500E-03,+406.65814E-03,+4.53015064E+00
-8.10000E-03,+406.65814E-03,+5.13316572E+00
-8.07500E-03,+426.75864E-03,+4.83165818E+00
-8.05000E-03,+376.50739E-03,+4.83165818E+00
-8.02500E-03,+376.50739E-03,+4.32914562E+00
-8.00000E-03,+376.50739E-03,+4.83165818E+00
-7.97500E-03,+376.50739E-03,+5.33417075E+00
-7.95000E-03,+406.65814E-03,+4.83165818E+00
-7.92500E-03,+426.75864E-03,+5.13316572E+00
-7.90000E-03,+426.75864E-03,+4.83165818E+00
-7.87500E-03,+376.50739E-03,+4.83165818E+00
-7.85000E-03,+326.25613E-03,+5.63567829E+00
-7.82500E-03,+376.50739E-03,+4.83165818E+00
-7.80000E-03,+376.50739E-03,+5.63567829E+00
-7.77500E-03,+356.40688E-03,+5.63567829E+00
-7.75000E-03,+376.50739E-03,+5.63567829E+00
-7.72500E-03,+376.50739E-03,+5.63567829E+00
-7.70000E-03,+376.50739E-03,+5.63567829E+00
-7.67500E-03,+346.35663E-03,+5.63567829E+00
-7.65000E-03,+406.65814E-03,+5.63567829E+00
-7.62500E-03,+326.25613E-03,+5.63567829E+00
-7.60000E-03,+356.40688E-03,+5.63567829E+00
-7.57500E-03,+376.50739E-03,+5.63567829E+00
-7.55000E-03,+426.75864E-03,+5.93718583E+00
-7.52500E-03,+406.65814E-03,+5.93718583E+00
-7.50000E-03,+376.50739E-03,+5.13316572E+00
-7.47500E-03,+376.50739E-03,+5.63567829E+00
-7.45000E-03,+406.65814E-03,+6.43969840E+00
-7.42500E-03,+376.50739E-03,+6.13819086E+00
-7.40000E-03,+456.90940E-03,+6.13819086E+00
-7.37500E-03,+376.50739E-03,+5.93718583E+00
-7.35000E-03,+376.50739E-03,+6.43969840E+00
-7.32500E-03,+406.65814E-03,+6.43969840E+00
-7.30000E-03,+326.25613E-03,+6.43969840E+00
-7.27500E-03,+456.90940E-03,+6.43969840E+00
-7.25000E-03,+296.10538E-03,+6.94221096E+00
-7.22500E-03,+376.50739E-03,+6.43969840E+00
-7.20000E-03,+376.50739E-03,+6.43969840E+00
-7.17500E-03,+406.65814E-03,+6.94221096E+00
-7.15000E-03,+456.90940E-03,+5.93718583E+00
-7.12500E-03,+376.50739E-03,+6.43969840E+00
-7.10000E-03,+376.50739E-03,+5.93718583E+00
-7.07500E-03,+346.35663E-03,+6.43969840E+00
-7.05000E-03,+426.75864E-03,+7.24371850E+00
-7.02500E-03,+456.90940E-03,+6.94221096E+00
-7.00000E-03,+376.50739E-03,+6.94221096E+00
-6.97500E-03,+426.75864E-03,+7.24371850E+00
-6.95000E-03,+376.50739E-03,+7.24371850E+00
-6.92500E-03,+406.65814E-03,+6.94221096E+00
-6.90000E-03,+376.50739E-03,+7.24371850E+00
-6.87500E-03,+296.10538E-03,+7.54522605E+00
-6.85000E-03,+346.35663E-03,+7.74623107E+00
-6.82500E-03,+376.50739E-03,+7.54522605E+00
-6.80000E-03,+346.35663E-03,+6.74120594E+00
-6.77500E-03,+376.50739E-03,+7.24371850E+00
-6.75000E-03,+426.75864E-03,+7.54522605E+00
-6.72500E-03,+376.50739E-03,+7.24371850E+00
-6.70000E-03,+326.25613E-03,+7.54522605E+00
-6.67500E-03,+376.50739E-03,+7.24371850E+00
-6.65000E-03,+386.55764E-03,+7.24371850E+00
-6.62500E-03,+376.50739E-03,+7.74623107E+00
-6.60000E-03,+376.50739E-03,+7.84673359E+00
-6.57500E-03,+376.50739E-03,+7.24371850E+00
-6.55000E-03,+426.75864E-03,+7.54522605E+00
-6.52500E-03,+376.50739E-03,+8.04773861E+00
-6.50000E-03,+376.50739E-03,+8.04773861E+00
-6.47500E-03,+346.35663E-03,+7.74623107E+00
-6.45000E-03,+376.50739E-03,+8.04773861E+00
-6.42500E-03,+426.75864E-03,+8.55025118E+00
-6.40000E-03,+426.75864E-03,+8.04773861E+00
-6.37500E-03,+376.50739E-03,+7.74623107E+00
-6.35000E-03,+426.75864E-03,+8.34924615E+00
-6.32500E-03,+426.75864E-03,+8.85175872E+00
-6.30000E-03,+376.50739E-03,+8.55025118E+00
-6.27500E-03,+376.50739E-03,+8.85175872E+00
-6.25000E-03,+376.50739E-03,+8.65075369E+00
-6.22500E-03,+426.75864E-03,+8.04773861E+00
-6.20000E-03,+406.65814E-03,+8.85175872E+00
-6.17500E-03,+376.50739E-03,+8.04773861E+00
-6.15000E-03,+426.75864E-03,+8.55025118E+00
-6.12500E-03,+326.25613E-03,+8.04773861E+00
-6.10000E-03,+326.25613E-03,+8.04773861E+00
-6.07500E-03,+376.50739E-03,+8.55025118E+00
-6.05000E-03,+376.50739E-03,+8.04773861E+00
-6.02500E-03,+426.75864E-03,+9.15326626E+00
-6.00000E-03,+326.25613E-03,+9.35427129E+00
-5.97500E-03,+376.50739E-03,+8.34924615E+00
-5.95000E-03,+406.65814E-03,+9.35427129E+00
-5.92500E-03,+376.50739E-03,+9.15326626E+00
-5.90000E-03,+406.65814E-03,+9.05276374E+00
-5.87500E-03,+376.50739E-03,+9.45477380E+00
-5.85000E-03,+406.65814E-03,+9.15326626E+00
-5.82500E-03,+406.65814E-03,+9.65577883E+00
-5.80000E-03,+376.50739E-03,+9.35427129E+00
-5.77500E-03,+376.50739E-03,+9.65577883E+00
-5.75000E-03,+326.25613E-03,+9.35427129E+00
-5.72500E-03,+426.75864E-03,+8.85175872E+00
-5.70000E-03,+406.65814E-03,+9.65577883E+00
-5.67500E-03,+456.90940E-03,+9.65577883E+00
-5.65000E-03,+376.50739E-03,+10.66080396E+00
-5.62500E-03,+426.75864E-03,+9.65577883E+00
-5.60000E-03,+376.50739E-03,+9.35427129E+00
-5.57500E-03,+376.50739E-03,+9.65577883E+00
-5.55000E-03,+376.50739E-03,+9.95728637E+00
-5.52500E-03,+456.90940E-03,+9.95728637E+00
-5.50000E-03,+376.50739E-03,+9.65577883E+00
-5.47500E-03,+376.50739E-03,+9.95728637E+00
-5.45000E-03,+406.65814E-03,+10.15829139E+00
-5.42500E-03,+456.90940E-03,+9.85678385E+00
-5.40000E-03,+426.75864E-03,+10.15829139E+00
-5.37500E-03,+376.50739E-03,+10.45979893E+00
-5.35000E-03,+376.50739E-03,+10.45979893E+00
-5.32500E-03,+376.50739E-03,+10.45979893E+00
-5.30000E-03,+376.50739E-03,+10.96231150E+00
-5.27500E-03,+346.35663E-03,+10.76130647E+00
-5.25000E-03,+356.40688E-03,+10.45979893E+00
-5.22500E-03,+456.90940E-03,+10.96231150E+00
-5.20000E-03,+376.50739E-03,+10.45979893E+00
-5.17500E-03,+376.50739E-03,+10.45979893E+00
-5.15000E-03,+406.65814E-03,+9.95728637E+00
-5.12500E-03,+346.35663E-03,+10.45979893E+00
-5.10000E-03,+346.35663E-03,+10.15829139E+00
-5.07500E-03,+406.65814E-03,+10.76130647E+00
-5.05000E-03,+426.75864E-03,+11.26381904E+00
-5.02500E-03,+376.50739E-03,+11.26381904E+00
-5.00000E-03,+346.35663E-03,+11.56532658E+00
-4.97500E-03,+376.50739E-03,+10.96231150E+00
-4.95000E-03,+376.50739E-03,+10.76130647E+00
-4.92500E-03,+426.75864E-03,+11.26381904E+00
-4.90000E-03,+346.35663E-03,+11.56532658E+00
-4.87500E-03,+326.25613E-03,+11.46482407E+00
-4.85000E-03,+456.90940E-03,+12.06783915E+00
-4.82500E-03,+376.50739E-03,+11.76633161E+00
-4.80000E-03,+406.65814E-03,+10.96231150E+00
-4.77500E-03,+426.75864E-03,+11.56532658E+00
-4.75000E-03,+376.50739E-03,+11.26381904E+00
-4.72500E-03,+456.90940E-03,+11.76633161E+00
-4.70000E-03,+406.65814E-03,+11.76633161E+00
-4.67500E-03,+376.50739E-03,+11.26381904E+00
-4.65000E-03,+436.80889E-03,+11.56532658E+00
-4.62500E-03,+537.31140E-03,+11.26381904E+00
-4.60000E-03,+456.90940E-03,+12.36934669E+00
-4.57500E-03,+507.16065E-03,+11.56532658E+00
-4.55000E-03,+557.41191E-03,+11.76633161E+00
-4.52500E-03,+507.16065E-03,+12.36934669E+00
-4.50000E-03,+537.31140E-03,+12.57035171E+00
-4.47500E-03,+537.31140E-03,+12.06783915E+00
-4.45000E-03,+587.56266E-03,+12.06783915E+00
-4.42500E-03,+537.31140E-03,+12.06783915E+00
-4.40000E-03,+617.71341E-03,+12.36934669E+00
-4.37500E-03,+617.71341E-03,+12.06783915E+00
-4.35000E-03,+617.71341E-03,+12.06783915E+00
-4.32500E-03,+617.71341E-03,+12.06783915E+00
-4.30000E-03,+667.96467E-03,+13.07286428E+00
-4.27500E-03,+698.11542E-03,+12.57035171E+00
-4.25000E-03,+728.26618E-03,+12.06783915E+00
-4.22500E-03,+718.21593E-03,+12.06783915E+00
-4.20000E-03,+728.26618E-03,+12.57035171E+00
-4.17500E-03,+728.26618E-03,+12.87185925E+00
-4.15000E-03,+667.96467E-03,+12.87185925E+00
-4.12500E-03,+778.51743E-03,+12.57035171E+00
-4.10000E-03,+778.51743E-03,+12.87185925E+00
-4.07500E-03,+728.26618E-03,+12.87185925E+00
-4.05000E-03,+728.26618E-03,+12.57035171E+00
-4.02500E-03,+808.66819E-03,+12.87185925E+00
-4.00000E-03,+808.66819E-03,+12.87185925E+00
-3.97500E-03,+808.66819E-03,+12.87185925E+00
-3.95000E-03,+788.56768E-03,+13.37437182E+00
-3.92500E-03,+778.51743E-03,+12.87185925E+00
-3.90000E-03,+808.66819E-03,+13.67587936E+00
-3.87500E-03,+808.66819E-03,+13.37437182E+00
-3.85000E-03,+858.91944E-03,+13.07286428E+00
-3.82500E-03,+909.17070E-03,+12.87185925E+00
-3.80000E-03,+889.07020E-03,+13.37437182E+00
-3.77500E-03,+808.66819E-03,+13.37437182E+00
-3.75000E-03,+828.76869E-03,+13.67587936E+00
-3.72500E-03,+828.76869E-03,+13.67587936E+00
-3.70000E-03,+828.76869E-03,+13.97738690E+00
-3.67500E-03,+909.17070E-03,+13.67587936E+00
-3.65000E-03,+858.91944E-03,+13.67587936E+00
-3.62500E-03,+939.32145E-03,+13.67587936E+00
-3.60000E-03,+939.32145E-03,+13.67587936E+00
-3.57500E-03,+939.32145E-03,+13.67587936E+00
-3.55000E-03,+1.01972346E+00,+13.97738690E+00
-3.52500E-03,+939.32145E-03,+13.67587936E+00
-3.50000E-03,+939.32145E-03,+13.67587936E+00
-3.47500E-03,+1.01972346E+00,+13.67587936E+00
-3.45000E-03,+989.57271E-03,+13.47487433E+00
-3.42500E-03,+939.32145E-03,+14.47989947E+00
-3.40000E-03,+939.32145E-03,+14.17839193E+00
-3.37500E-03,+989.57271E-03,+14.47989947E+00
-3.35000E-03,+1.04987421E+00,+14.47989947E+00
-3.32500E-03,+1.01972346E+00,+14.27889444E+00
-3.30000E-03,+989.57271E-03,+14.47989947E+00
-3.27500E-03,+989.57271E-03,+14.47989947E+00
-3.25000E-03,+969.47220E-03,+14.47989947E+00
-3.22500E-03,+1.01972346E+00,+14.98241203E+00
-3.20000E-03,+1.04987421E+00,+14.47989947E+00
-3.17500E-03,+1.04987421E+00,+14.68090449E+00
-3.15000E-03,+1.06997472E+00,+14.78140701E+00
-3.12500E-03,+1.04987421E+00,+14.98241203E+00
-3.10000E-03,+1.01972346E+00,+14.98241203E+00
-3.07500E-03,+1.10012547E+00,+14.47989947E+00
-3.05000E-03,+1.10012547E+00,+14.47989947E+00
-3.02500E-03,+1.10012547E+00,+14.98241203E+00
-3.00000E-03,+1.10012547E+00,+14.47989947E+00
-2.97500E-03,+1.15037672E+00,+14.47989947E+00
-2.95000E-03,+1.18052748E+00,+14.98241203E+00
-2.92500E-03,+1.15037672E+00,+14.78140701E+00
-2.90000E-03,+1.01972346E+00,+15.28391957E+00
-2.87500E-03,+1.15037672E+00,+15.28391957E+00
-2.85000E-03,+1.10012547E+00,+15.28391957E+00
-2.82500E-03,+1.10012547E+00,+15.58542711E+00
-2.80000E-03,+1.10012547E+00,+14.98241203E+00
-2.77500E-03,+1.10012547E+00,+15.78643214E+00
-2.75000E-03,+1.23077873E+00,+15.28391957E+00
-2.72500E-03,+1.13027622E+00,+15.58542711E+00
-2.70000E-03,+1.21067823E+00,+15.28391957E+00
-2.67500E-03,+1.15037672E+00,+15.78643214E+00
-2.65000E-03,+1.23077873E+00,+15.78643214E+00
-2.62500E-03,+1.18052748E+00,+16.08793968E+00
-2.60000E-03,+1.26092949E+00,+15.58542711E+00
-2.57500E-03,+1.23077873E+00,+15.58542711E+00
-2.55000E-03,+1.18052748E+00,+15.58542711E+00
-2.52500E-03,+1.21067823E+00,+15.58542711E+00
-2.50000E-03,+1.18052748E+00,+15.28391957E+00
-2.47500E-03,+1.26092949E+00,+15.58542711E+00
-2.45000E-03,+1.16042698E+00,+16.08793968E+00
-2.42500E-03,+1.26092949E+00,+15.78643214E+00
-2.40000E-03,+1.26092949E+00,+16.08793968E+00
-2.37500E-03,+1.26092949E+00,+16.38944722E+00
-2.35000E-03,+1.26092949E+00,+16.08793968E+00
-2.32500E-03,+1.34133150E+00,+16.38944722E+00
-2.30000E-03,+1.31118074E+00,+16.59045225E+00
-2.27500E-03,+1.31118074E+00,+16.59045225E+00
-2.25000E-03,+1.31118074E+00,+16.38944722E+00
-2.22500E-03,+1.29108024E+00,+16.38944722E+00
-2.20000E-03,+1.29108024E+00,+16.59045225E+00
-2.17500E-03,+1.39158275E+00,+16.38944722E+00
-2.15000E-03,+1.31118074E+00,+16.59045225E+00
-2.12500E-03,+1.39158275E+00,+15.88693465E+00
-2.10000E-03,+1.31118074E+00,+16.38944722E+00
-2.07500E-03,+1.42173351E+00,+16.59045225E+00
-2.05000E-03,+1.44183401E+00,+17.39447235E+00
-2.02500E-03,+1.39158275E+00,+17.09296481E+00
-2.00000E-03,+1.37148225E+00,+16.89195979E+00
-1.97500E-03,+1.39158275E+00,+16.89195979E+00
-1.95000E-03,+1.34133150E+00,+17.39447235E+00
-1.92500E-03,+1.47198476E+00,+16.38944722E+00
-1.90000E-03,+1.42173351E+00,+16.89195979E+00
-1.87500E-03,+1.42173351E+00,+17.19346733E+00
-1.85000E-03,+1.42173351E+00,+17.69597989E+00
-1.82500E-03,+1.47198476E+00,+16.89195979E+00
-1.80000E-03,+1.45188426E+00,+17.39447235E+00
-1.77500E-03,+1.42173351E+00,+17.69597989E+00
-1.75000E-03,+1.42173351E+00,+16.89195979E+00
-1.72500E-03,+1.50213552E+00,+17.69597989E+00
-1.70000E-03,+1.45188426E+00,+17.39447235E+00
-1.67500E-03,+1.50213552E+00,+17.69597989E+00
-1.65000E-03,+1.45188426E+00,+17.69597989E+00
-1.62500E-03,+1.53228627E+00,+16.89195979E+00
-1.60000E-03,+1.50213552E+00,+17.19346733E+00
-1.57500E-03,+1.53228627E+00,+17.19346733E+00
-1.55000E-03,+1.53228627E+00,+17.19346733E+00
-1.52500E-03,+1.55238677E+00,+17.69597989E+00
-1.50000E-03,+1.58253752E+00,+18.50000000E+00
-1.47500E-03,+1.58253752E+00,+17.49497487E+00
-1.45000E-03,+1.58253752E+00,+18.19849246E+00
-1.42500E-03,+1.55238677E+00,+18.50000000E+00
-1.40000E-03,+1.61268828E+00,+18.19849246E+00
-1.37500E-03,+1.55238677E+00,+17.69597989E+00
-1.35000E-03,+1.58253752E+00,+18.50000000E+00
-1.32500E-03,+1.53228627E+00,+18.19849246E+00
-1.30000E-03,+1.58253752E+00,+18.19849246E+00
-1.27500E-03,+1.58253752E+00,+18.50000000E+00
-1.25000E-03,+1.53228627E+00,+19.30402011E+00
-1.22500E-03,+1.55238677E+00,+17.99748743E+00
-1.20000E-03,+1.58253752E+00,+18.50000000E+00
-1.17500E-03,+1.61268828E+00,+18.19849246E+00
-1.15000E-03,+1.63278878E+00,+17.99748743E+00
-1.12500E-03,+1.58253752E+00,+18.29899497E+00
-1.10000E-03,+1.61268828E+00,+18.50000000E+00
-1.07500E-03,+1.58253752E+00,+18.50000000E+00
-1.05000E-03,+1.66293953E+00,+19.00251257E+00
-1.02500E-03,+1.61268828E+00,+18.50000000E+00
-1.00000E-03,+1.66293953E+00,+18.50000000E+00
-975.00E-06,+1.69309029E+00,+18.80150754E+00
-950.00E-06,+1.69309029E+00,+19.00251257E+00
-925.00E-06,+1.66293953E+00,+18.80150754E+00
-900.00E-06,+1.71319079E+00,+19.00251257E+00
-875.00E-06,+1.61268828E+00,+18.50000000E+00
-850.00E-06,+1.66293953E+00,+19.30402011E+00
-825.00E-06,+1.66293953E+00,+19.30402011E+00
-800.00E-06,+1.66293953E+00,+20.10804021E+00
-775.00E-06,+1.69309029E+00,+18.80150754E+00
-750.00E-06,+1.66293953E+00,+19.00251257E+00
-725.00E-06,+1.69309029E+00,+18.80150754E+00
-700.00E-06,+1.66293953E+00,+19.30402011E+00
-675.00E-06,+1.66293953E+00,+19.10301508E+00
-650.00E-06,+1.71319079E+00,+19.60552765E+00
-625.00E-06,+1.71319079E+00,+19.30402011E+00
-600.00E-06,+1.74334154E+00,+19.30402011E+00
-575.00E-06,+1.71319079E+00,+20.10804021E+00
-550.00E-06,+1.76344205E+00,+20.40954775E+00
-525.00E-06,+1.66293953E+00,+19.30402011E+00
-500.00E-06,+1.66293953E+00,+20.61055278E+00
-475.00E-06,+1.69309029E+00,+19.80653267E+00
-450.00E-06,+1.71319079E+00,+19.60552765E+00
-425.00E-06,+1.71319079E+00,+20.10804021E+00
-400.00E-06,+1.79359280E+00,+19.30402011E+00
-375.00E-06,+1.74334154E+00,+20.10804021E+00
-350.00E-06,+1.74334154E+00,+20.30904524E+00
-325.00E-06,+1.74334154E+00,+20.10804021E+00
-300.00E-06,+1.77349230E+00,+19.60552765E+00
-275.00E-06,+1.76344205E+00,+20.10804021E+00
-250.00E-06,+1.71319079E+00,+20.40954775E+00
-225.00E-06,+1.71319079E+00,+20.91206032E+00
-200.00E-06,+1.74334154E+00,+20.40954775E+00
-175.00E-06,+1.69309029E+00,+20.40954775E+00
-150.00E-06,+1.74334154E+00,+20.40954775E+00
-125.00E-06,+1.66293953E+00,+20.40954775E+00
-100.00E-06,+1.71319079E+00,+21.21356786E+00
-75.00E-06,+1.66293953E+00,+20.61055278E+00
-50.00E-06,+1.63278878E+00,+20.10804021E+00
-25.00E-06,+1.61268828E+00,+20.61055278E+00
+0.0E+00,+1.66293953E+00,+21.21356786E+00
+25.00E-06,+1.71319079E+00,+20.91206032E+00
+50.00E-06,+1.66293953E+00,+20.40954775E+00
+75.00E-06,+1.58253752E+00,+20.91206032E+00
+100.00E-06,+1.66293953E+00,+20.61055278E+00
+125.00E-06,+1.55238677E+00,+20.91206032E+00
+150.00E-06,+1.61268828E+00,+21.21356786E+00
+175.00E-06,+1.61268828E+00,+20.91206032E+00
+200.00E-06,+1.53228627E+00,+21.11306535E+00
+225.00E-06,+1.58253752E+00,+20.91206032E+00
+250.00E-06,+1.58253752E+00,+21.41457289E+00
+275.00E-06,+1.53228627E+00,+21.71608043E+00
+300.00E-06,+1.50213552E+00,+20.91206032E+00
+325.00E-06,+1.50213552E+00,+22.21859299E+00
+350.00E-06,+1.50213552E+00,+21.21356786E+00
+375.00E-06,+1.50213552E+00,+21.71608043E+00
+400.00E-06,+1.45188426E+00,+21.71608043E+00
+425.00E-06,+1.42173351E+00,+21.71608043E+00
+450.00E-06,+1.42173351E+00,+21.91708545E+00
+475.00E-06,+1.42173351E+00,+21.71608043E+00
+500.00E-06,+1.37148225E+00,+21.41457289E+00
+525.00E-06,+1.37148225E+00,+22.21859299E+00
+550.00E-06,+1.39158275E+00,+22.01758797E+00
+575.00E-06,+1.37148225E+00,+22.01758797E+00
+600.00E-06,+1.34133150E+00,+22.52010053E+00
+625.00E-06,+1.34133150E+00,+21.71608043E+00
+650.00E-06,+1.26092949E+00,+22.21859299E+00
+675.00E-06,+1.29108024E+00,+22.01758797E+00
+700.00E-06,+1.34133150E+00,+22.21859299E+00
+725.00E-06,+1.29108024E+00,+22.52010053E+00
+750.00E-06,+1.21067823E+00,+21.71608043E+00
+775.00E-06,+1.26092949E+00,+22.52010053E+00
+800.00E-06,+1.21067823E+00,+22.52010053E+00
+825.00E-06,+1.26092949E+00,+22.52010053E+00
+850.00E-06,+1.18052748E+00,+22.21859299E+00
+875.00E-06,+1.13027622E+00,+22.52010053E+00
+900.00E-06,+1.13027622E+00,+22.52010053E+00
+925.00E-06,+1.15037672E+00,+23.02261310E+00
+950.00E-06,+1.13027622E+00,+23.02261310E+00
+975.00E-06,+1.15037672E+00,+23.32412064E+00
+1.00000E-03,+1.10012547E+00,+23.32412064E+00
+1.02500E-03,+1.10012547E+00,+22.82160807E+00
+1.05000E-03,+1.10012547E+00,+23.32412064E+00
+1.07500E-03,+1.04987421E+00,+23.32412064E+00
+1.10000E-03,+1.04987421E+00,+22.52010053E+00
+1.12500E-03,+1.04987421E+00,+22.82160807E+00
+1.15000E-03,+989.57271E-03,+23.02261310E+00
+1.17500E-03,+989.57271E-03,+23.32412064E+00
+1.20000E-03,+939.32145E-03,+23.02261310E+00
+1.22500E-03,+939.32145E-03,+23.32412064E+00
+1.25000E-03,+939.32145E-03,+23.32412064E+00
+1.27500E-03,+1.01972346E+00,+23.82663321E+00
+1.30000E-03,+919.22095E-03,+23.32412064E+00
+1.32500E-03,+939.32145E-03,+23.32412064E+00
+1.35000E-03,+939.32145E-03,+23.62562818E+00
+1.37500E-03,+808.66819E-03,+24.12814075E+00
+1.40000E-03,+889.07020E-03,+23.32412064E+00
+1.42500E-03,+909.17070E-03,+23.62562818E+00
+1.45000E-03,+889.07020E-03,+23.32412064E+00
+1.47500E-03,+858.91944E-03,+23.62562818E+00
+1.50000E-03,+879.01994E-03,+23.82663321E+00
+1.52500E-03,+858.91944E-03,+23.62562818E+00
+1.55000E-03,+828.76869E-03,+23.62562818E+00
+1.57500E-03,+828.76869E-03,+24.12814075E+00
+1.60000E-03,+778.51743E-03,+24.63065331E+00
+1.62500E-03,+748.36668E-03,+23.32412064E+00
+1.65000E-03,+778.51743E-03,+24.12814075E+00
+1.67500E-03,+778.51743E-03,+24.12814075E+00
+1.70000E-03,+778.51743E-03,+24.12814075E+00
+1.72500E-03,+778.51743E-03,+24.63065331E+00
+1.75000E-03,+778.51743E-03,+24.93216085E+00
+1.77500E-03,+698.11542E-03,+24.42964829E+00
+1.80000E-03,+698.11542E-03,+24.12814075E+00
+1.82500E-03,+698.11542E-03,+24.42964829E+00
+1.85000E-03,+647.86417E-03,+24.63065331E+00
+1.87500E-03,+698.11542E-03,+24.42964829E+00
+1.90000E-03,+718.21593E-03,+24.12814075E+00
+1.92500E-03,+698.11542E-03,+24.73115583E+00
+1.95000E-03,+667.96467E-03,+24.63065331E+00
+1.97500E-03,+617.71341E-03,+24.63065331E+00
+2.00000E-03,+637.81392E-03,+24.93216085E+00
+2.02500E-03,+718.21593E-03,+25.93718599E+00
+2.05000E-03,+617.71341E-03,+24.93216085E+00
+2.07500E-03,+667.96467E-03,+24.93216085E+00
+2.10000E-03,+617.71341E-03,+24.63065331E+00
+2.12500E-03,+617.71341E-03,+25.43467342E+00
+2.15000E-03,+617.71341E-03,+24.93216085E+00
+2.17500E-03,+587.56266E-03,+24.93216085E+00
+2.20000E-03,+617.71341E-03,+25.23366839E+00
+2.22500E-03,+537.31140E-03,+25.43467342E+00
+2.25000E-03,+587.56266E-03,+24.42964829E+00
+2.27500E-03,+537.31140E-03,+25.93718599E+00
+2.30000E-03,+487.06015E-03,+25.43467342E+00
+2.32500E-03,+617.71341E-03,+25.43467342E+00
+2.35000E-03,+537.31140E-03,+25.23366839E+00
+2.37500E-03,+487.06015E-03,+25.23366839E+00
+2.40000E-03,+487.06015E-03,+25.73618096E+00
+2.42500E-03,+487.06015E-03,+26.03768850E+00
+2.45000E-03,+456.90940E-03,+25.73618096E+00
+2.47500E-03,+456.90940E-03,+25.73618096E+00
+2.50000E-03,+456.90940E-03,+26.23869353E+00
+2.52500E-03,+456.90940E-03,+26.03768850E+00
+2.55000E-03,+426.75864E-03,+26.03768850E+00
+2.57500E-03,+456.90940E-03,+25.73618096E+00
+2.60000E-03,+406.65814E-03,+26.54020107E+00
+2.62500E-03,+477.00990E-03,+26.23869353E+00
+2.65000E-03,+376.50739E-03,+26.54020107E+00
+2.67500E-03,+356.40688E-03,+25.73618096E+00
+2.70000E-03,+326.25613E-03,+26.03768850E+00
+2.72500E-03,+426.75864E-03,+25.53517593E+00
+2.75000E-03,+456.90940E-03,+26.03768850E+00
+2.77500E-03,+426.75864E-03,+26.54020107E+00
+2.80000E-03,+346.35663E-03,+26.03768850E+00
+2.82500E-03,+326.25613E-03,+26.54020107E+00
+2.85000E-03,+296.10538E-03,+26.54020107E+00
+2.87500E-03,+296.10538E-03,+26.54020107E+00
+2.90000E-03,+376.50739E-03,+26.54020107E+00
+2.92500E-03,+326.25613E-03,+26.54020107E+00
+2.95000E-03,+376.50739E-03,+27.84673374E+00
+2.97500E-03,+215.70337E-03,+26.84170861E+00
+3.00000E-03,+346.35663E-03,+27.04271363E+00
+3.02500E-03,+245.85412E-03,+26.33919604E+00
+3.05000E-03,+265.95462E-03,+26.54020107E+00
+3.07500E-03,+346.35663E-03,+27.34422117E+00
+3.10000E-03,+265.95462E-03,+26.23869353E+00
+3.12500E-03,+265.95462E-03,+27.04271363E+00
+3.15000E-03,+265.95462E-03,+27.64572871E+00
+3.17500E-03,+245.85412E-03,+27.34422117E+00
+3.20000E-03,+245.85412E-03,+27.84673374E+00
+3.22500E-03,+165.45211E-03,+27.34422117E+00
+3.25000E-03,+245.85412E-03,+27.14321615E+00
+3.27500E-03,+245.85412E-03,+28.14824128E+00
+3.30000E-03,+165.45211E-03,+27.54522620E+00
+3.32500E-03,+135.30136E-03,+27.64572871E+00
+3.35000E-03,+135.30136E-03,+27.64572871E+00
+3.37500E-03,+135.30136E-03,+27.64572871E+00
+3.40000E-03,+135.30136E-03,+27.34422117E+00
+3.42500E-03,+135.30136E-03,+27.84673374E+00
+3.45000E-03,+135.30136E-03,+28.14824128E+00
+3.47500E-03,+135.30136E-03,+27.34422117E+00
+3.50000E-03,+185.55261E-03,+28.44974882E+00
+3.52500E-03,+135.30136E-03,+28.14824128E+00
+3.55000E-03,+165.45211E-03,+27.64572871E+00
+3.57500E-03,+185.55261E-03,+28.14824128E+00
+3.60000E-03,+185.55261E-03,+28.14824128E+00
+3.62500E-03,+115.20086E-03,+28.44974882E+00
+3.65000E-03,+135.30136E-03,+28.95226139E+00
+3.67500E-03,+135.30136E-03,+28.14824128E+00
+3.70000E-03,+165.45211E-03,+28.14824128E+00
+3.72500E-03,+135.30136E-03,+28.14824128E+00
+3.75000E-03,+165.45211E-03,+28.14824128E+00
+3.77500E-03,+135.30136E-03,+28.65075385E+00
+3.80000E-03,+235.80387E-03,+28.65075385E+00
+3.82500E-03,+185.55261E-03,+28.65075385E+00
+3.85000E-03,+185.55261E-03,+28.44974882E+00
+3.87500E-03,+165.45211E-03,+28.65075385E+00
+3.90000E-03,+185.55261E-03,+29.25376893E+00
+3.92500E-03,+235.80387E-03,+28.95226139E+00
+3.95000E-03,+185.55261E-03,+28.14824128E+00
+3.97500E-03,+215.70337E-03,+28.95226139E+00
+4.00000E-03,+346.35663E-03,+28.14824128E+00
+4.02500E-03,+296.10538E-03,+28.65075385E+00
+4.05000E-03,+265.95462E-03,+28.95226139E+00
+4.07500E-03,+326.25613E-03,+28.44974882E+00
+4.10000E-03,+296.10538E-03,+28.95226139E+00
+4.12500E-03,+426.75864E-03,+29.25376893E+00
+4.15000E-03,+296.10538E-03,+29.25376893E+00
+4.17500E-03,+346.35663E-03,+28.95226139E+00
+4.20000E-03,+356.40688E-03,+28.95226139E+00
+4.22500E-03,+406.65814E-03,+29.75628150E+00
+4.25000E-03,+456.90940E-03,+29.45477395E+00
+4.27500E-03,+456.90940E-03,+30.05778904E+00
+4.30000E-03,+436.80889E-03,+28.95226139E+00
+4.32500E-03,+456.90940E-03,+30.25879406E+00
+4.35000E-03,+487.06015E-03,+29.75628150E+00
+4.37500E-03,+456.90940E-03,+29.75628150E+00
+4.40000E-03,+487.06015E-03,+29.75628150E+00
+4.42500E-03,+567.46216E-03,+29.55527647E+00
+4.45000E-03,+487.06015E-03,+29.75628150E+00
+4.47500E-03,+537.31140E-03,+30.56030160E+00
+4.50000E-03,+537.31140E-03,+29.75628150E+00
+4.52500E-03,+537.31140E-03,+29.75628150E+00
+4.55000E-03,+617.71341E-03,+30.56030160E+00
+4.57500E-03,+617.71341E-03,+30.25879406E+00
+4.60000E-03,+698.11542E-03,+30.56030160E+00
+4.62500E-03,+617.71341E-03,+30.25879406E+00
+4.65000E-03,+698.11542E-03,+30.05778904E+00
+4.67500E-03,+678.01492E-03,+30.05778904E+00
+4.70000E-03,+617.71341E-03,+30.25879406E+00
+4.72500E-03,+667.96467E-03,+30.76130663E+00
+4.75000E-03,+667.96467E-03,+30.56030160E+00
+4.77500E-03,+758.41693E-03,+30.56030160E+00
+4.80000E-03,+698.11542E-03,+31.06281417E+00
+4.82500E-03,+748.36668E-03,+30.56030160E+00
+4.85000E-03,+778.51743E-03,+31.56532674E+00
+4.87500E-03,+798.61793E-03,+31.06281417E+00
+4.90000E-03,+778.51743E-03,+30.56030160E+00
+4.92500E-03,+828.76869E-03,+30.86180914E+00
+4.95000E-03,+808.66819E-03,+30.25879406E+00
+4.97500E-03,+889.07020E-03,+30.56030160E+00
+5.00000E-03,+858.91944E-03,+30.56030160E+00
+5.02500E-03,+909.17070E-03,+31.36432171E+00
+5.05000E-03,+909.17070E-03,+31.06281417E+00
+5.07500E-03,+939.32145E-03,+31.06281417E+00
+5.10000E-03,+909.17070E-03,+31.36432171E+00
+5.12500E-03,+939.32145E-03,+31.36432171E+00
+5.15000E-03,+939.32145E-03,+31.36432171E+00
+5.17500E-03,+939.32145E-03,+31.06281417E+00
+5.20000E-03,+1.01972346E+00,+31.36432171E+00
+5.22500E-03,+969.47220E-03,+31.36432171E+00
+5.25000E-03,+1.01972346E+00,+31.36432171E+00
+5.27500E-03,+1.01972346E+00,+30.56030160E+00
+5.30000E-03,+1.01972346E+00,+31.36432171E+00
+5.32500E-03,+1.01972346E+00,+32.16834182E+00
+5.35000E-03,+1.06997472E+00,+31.36432171E+00
+5.37500E-03,+1.06997472E+00,+31.86683428E+00
+5.40000E-03,+1.04987421E+00,+31.86683428E+00
+5.42500E-03,+1.10012547E+00,+31.66582925E+00
+5.45000E-03,+1.15037672E+00,+32.16834182E+00
+5.47500E-03,+1.15037672E+00,+31.36432171E+00
+5.50000E-03,+1.18052748E+00,+32.16834182E+00
+5.52500E-03,+1.15037672E+00,+32.16834182E+00
+5.55000E-03,+1.23077873E+00,+31.66582925E+00
+5.57500E-03,+1.26092949E+00,+31.66582925E+00
+5.60000E-03,+1.26092949E+00,+32.97236192E+00
+5.62500E-03,+1.23077873E+00,+32.16834182E+00
+5.65000E-03,+1.23077873E+00,+32.16834182E+00
+5.67500E-03,+1.26092949E+00,+32.16834182E+00
+5.70000E-03,+1.34133150E+00,+32.67085438E+00
+5.72500E-03,+1.34133150E+00,+32.46984936E+00
+5.75000E-03,+1.39158275E+00,+32.97236192E+00
+5.77500E-03,+1.39158275E+00,+32.67085438E+00
+5.80000E-03,+1.37148225E+00,+32.46984936E+00
+5.82500E-03,+1.47198476E+00,+32.67085438E+00
+5.85000E-03,+1.40163300E+00,+32.67085438E+00
+5.87500E-03,+1.42173351E+00,+32.97236192E+00
+5.90000E-03,+1.50213552E+00,+32.16834182E+00
+5.92500E-03,+1.37148225E+00,+33.47487449E+00
+5.95000E-03,+1.47198476E+00,+32.16834182E+00
+5.97500E-03,+1.52223602E+00,+32.97236192E+00
+6.00000E-03,+1.50213552E+00,+32.97236192E+00
+6.02500E-03,+1.50213552E+00,+32.46984936E+00
+6.05000E-03,+1.55238677E+00,+32.97236192E+00
+6.07500E-03,+1.53228627E+00,+33.27386946E+00
+6.10000E-03,+1.58253752E+00,+33.77638203E+00
+6.12500E-03,+1.63278878E+00,+32.97236192E+00
+6.15000E-03,+1.58253752E+00,+32.67085438E+00
+6.17500E-03,+1.66293953E+00,+32.97236192E+00
+6.20000E-03,+1.63278878E+00,+33.27386946E+00
+6.22500E-03,+1.66293953E+00,+33.27386946E+00
+6.25000E-03,+1.69309029E+00,+33.77638203E+00
+6.27500E-03,+1.74334154E+00,+34.07788957E+00
+6.30000E-03,+1.66293953E+00,+33.47487449E+00
+6.32500E-03,+1.74334154E+00,+34.07788957E+00
+6.35000E-03,+1.74334154E+00,+33.77638203E+00
+6.37500E-03,+1.74334154E+00,+33.47487449E+00
+6.40000E-03,+1.82374355E+00,+34.07788957E+00
+6.42500E-03,+1.82374355E+00,+32.97236192E+00
+6.45000E-03,+1.82374355E+00,+34.07788957E+00
+6.47500E-03,+1.82374355E+00,+33.77638203E+00
+6.50000E-03,+1.85389431E+00,+33.77638203E+00
+6.52500E-03,+1.90414556E+00,+33.77638203E+00
+6.55000E-03,+1.95439682E+00,+34.07788957E+00
+6.57500E-03,+1.90414556E+00,+34.07788957E+00
+6.60000E-03,+1.95439682E+00,+34.07788957E+00
+6.62500E-03,+1.90414556E+00,+33.77638203E+00
+6.65000E-03,+1.98454757E+00,+34.27889460E+00
+6.67500E-03,+1.98454757E+00,+34.27889460E+00
+6.70000E-03,+1.93429631E+00,+33.77638203E+00
+6.72500E-03,+1.98454757E+00,+35.08291470E+00
+6.75000E-03,+2.01469832E+00,+33.77638203E+00
+6.77500E-03,+2.01469832E+00,+34.07788957E+00
+6.80000E-03,+2.09510033E+00,+35.08291470E+00
+6.82500E-03,+2.06494958E+00,+34.58040214E+00
+6.85000E-03,+2.09510033E+00,+35.38442224E+00
+6.87500E-03,+2.14535159E+00,+34.88190968E+00
+6.90000E-03,+2.14535159E+00,+34.78140716E+00
+6.92500E-03,+2.19560284E+00,+34.58040214E+00
+6.95000E-03,+2.14535159E+00,+35.08291470E+00
+6.97500E-03,+2.19560284E+00,+34.58040214E+00
+7.00000E-03,+2.19560284E+00,+35.68592978E+00
+7.02500E-03,+2.25590435E+00,+34.88190968E+00
+7.05000E-03,+2.27600485E+00,+35.38442224E+00
+7.07500E-03,+2.30615561E+00,+35.68592978E+00
+7.10000E-03,+2.27600485E+00,+35.38442224E+00
+7.12500E-03,+2.30615561E+00,+35.18341722E+00
+7.15000E-03,+2.35640686E+00,+35.58542727E+00
+7.17500E-03,+2.25590435E+00,+35.08291470E+00
+7.20000E-03,+2.27600485E+00,+34.88190968E+00
+7.22500E-03,+2.33630636E+00,+35.58542727E+00
+7.25000E-03,+2.30615561E+00,+36.18844235E+00
+7.27500E-03,+2.38655762E+00,+35.38442224E+00
+7.30000E-03,+2.36645711E+00,+35.88693481E+00
+7.32500E-03,+2.41670837E+00,+35.68592978E+00
+7.35000E-03,+2.41670837E+00,+35.88693481E+00
+7.37500E-03,+2.41670837E+00,+35.68592978E+00
+7.40000E-03,+2.41670837E+00,+35.68592978E+00
+7.42500E-03,+2.46695963E+00,+36.18844235E+00
+7.45000E-03,+2.46695963E+00,+35.38442224E+00
+7.47500E-03,+2.46695963E+00,+35.68592978E+00
+7.50000E-03,+2.46695963E+00,+35.88693481E+00
+7.52500E-03,+2.54736163E+00,+36.18844235E+00
+7.55000E-03,+2.54736163E+00,+35.38442224E+00
+7.57500E-03,+2.51721088E+00,+35.88693481E+00
+7.60000E-03,+2.54736163E+00,+36.48994989E+00
+7.62500E-03,+2.59761289E+00,+36.18844235E+00
+7.65000E-03,+2.62776364E+00,+36.18844235E+00
+7.67500E-03,+2.57751239E+00,+36.18844235E+00
+7.70000E-03,+2.62776364E+00,+36.18844235E+00
+7.72500E-03,+2.59761289E+00,+36.18844235E+00
+7.75000E-03,+2.59761289E+00,+36.48994989E+00
+7.77500E-03,+2.62776364E+00,+35.68592978E+00
+7.80000E-03,+2.70816565E+00,+36.69095492E+00
+7.82500E-03,+2.64786415E+00,+36.18844235E+00
+7.85000E-03,+2.62776364E+00,+36.18844235E+00
+7.87500E-03,+2.67801490E+00,+36.99246246E+00
+7.90000E-03,+2.75841691E+00,+36.48994989E+00
+7.92500E-03,+2.65791440E+00,+36.48994989E+00
+7.95000E-03,+2.73831641E+00,+36.79145743E+00
+7.97500E-03,+2.73831641E+00,+36.99246246E+00
+8.00000E-03,+2.75841691E+00,+36.99246246E+00
+8.02500E-03,+2.73831641E+00,+36.99246246E+00
+8.05000E-03,+2.78856766E+00,+36.99246246E+00
+8.07500E-03,+2.70816565E+00,+36.99246246E+00
+8.10000E-03,+2.78856766E+00,+36.48994989E+00
+8.12500E-03,+2.78856766E+00,+36.99246246E+00
+8.15000E-03,+2.86896967E+00,+37.79648256E+00
+8.17500E-03,+2.84886917E+00,+37.29397000E+00
+8.20000E-03,+2.75841691E+00,+37.29397000E+00
+8.22500E-03,+2.86896967E+00,+37.29397000E+00
+8.25000E-03,+2.86896967E+00,+36.99246246E+00
+8.27500E-03,+2.86896967E+00,+37.29397000E+00
+8.30000E-03,+2.86896967E+00,+37.79648256E+00
+8.32500E-03,+2.86896967E+00,+36.99246246E+00
+8.35000E-03,+2.86896967E+00,+37.59547754E+00
+8.37500E-03,+2.81871842E+00,+38.09799010E+00
+8.40000E-03,+2.86896967E+00,+38.29899513E+00
+8.42500E-03,+2.86896967E+00,+38.29899513E+00
+8.45000E-03,+2.86896967E+00,+37.79648256E+00
+8.47500E-03,+2.83881892E+00,+37.49497502E+00
+8.50000E-03,+2.91922093E+00,+37.49497502E+00
+8.52500E-03,+2.81871842E+00,+37.79648256E+00
+8.55000E-03,+2.86896967E+00,+38.29899513E+00
+8.57500E-03,+2.91922093E+00,+37.79648256E+00
+8.60000E-03,+2.88907017E+00,+38.09799010E+00
+8.62500E-03,+2.91922093E+00,+38.60050267E+00
+8.65000E-03,+2.86896967E+00,+37.79648256E+00
+8.67500E-03,+2.78856766E+00,+38.29899513E+00
+8.70000E-03,+2.86896967E+00,+38.60050267E+00
+8.72500E-03,+2.83881892E+00,+38.09799010E+00
+8.75000E-03,+2.83881892E+00,+38.60050267E+00
+8.77500E-03,+2.86896967E+00,+38.09799010E+00
+8.80000E-03,+2.83881892E+00,+38.60050267E+00
+8.82500E-03,+2.78856766E+00,+38.29899513E+00
+8.85000E-03,+2.86896967E+00,+38.29899513E+00
+8.87500E-03,+2.86896967E+00,+39.40452278E+00
+8.90000E-03,+2.81871842E+00,+39.40452278E+00
+8.92500E-03,+2.75841691E+00,+38.90201021E+00
+8.95000E-03,+2.83881892E+00,+39.10301524E+00
+8.97500E-03,+2.86896967E+00,+38.60050267E+00
+9.00000E-03,+2.81871842E+00,+38.60050267E+00
+9.02500E-03,+2.75841691E+00,+38.60050267E+00
+9.05000E-03,+2.78856766E+00,+39.10301524E+00
+9.07500E-03,+2.73831641E+00,+38.60050267E+00
+9.10000E-03,+2.78856766E+00,+40.00753786E+00
+9.12500E-03,+2.78856766E+00,+38.60050267E+00
+9.15000E-03,+2.78856766E+00,+39.10301524E+00
+9.17500E-03,+2.73831641E+00,+39.10301524E+00
+9.20000E-03,+2.68806515E+00,+39.10301524E+00
+9.22500E-03,+2.70816565E+00,+39.40452278E+00
+9.25000E-03,+2.70816565E+00,+38.90201021E+00
+9.27500E-03,+2.70816565E+00,+39.70603032E+00
+9.30000E-03,+2.65791440E+00,+39.40452278E+00
+9.32500E-03,+2.73831641E+00,+39.40452278E+00
+9.35000E-03,+2.62776364E+00,+40.00753786E+00
+9.37500E-03,+2.68806515E+00,+39.40452278E+00
+9.40000E-03,+2.59761289E+00,+39.70603032E+00
+9.42500E-03,+2.62776364E+00,+40.20854288E+00
+9.45000E-03,+2.67801490E+00,+39.70603032E+00
+9.47500E-03,+2.57751239E+00,+39.90703534E+00
+9.50000E-03,+2.51721088E+00,+40.20854288E+00
+9.52500E-03,+2.54736163E+00,+40.20854288E+00
+9.55000E-03,+2.49711038E+00,+40.20854288E+00
+9.57500E-03,+2.49711038E+00,+40.20854288E+00
+9.60000E-03,+2.49711038E+00,+40.40954791E+00
+9.62500E-03,+2.46695963E+00,+40.20854288E+00
+9.65000E-03,+2.54736163E+00,+39.90703534E+00
+9.67500E-03,+2.46695963E+00,+40.51005042E+00
+9.70000E-03,+2.46695963E+00,+40.71105545E+00
+9.72500E-03,+2.46695963E+00,+41.01256299E+00
+9.75000E-03,+2.41670837E+00,+40.71105545E+00
+9.77500E-03,+2.38655762E+00,+40.51005042E+00
+9.80000E-03,+2.35640686E+00,+39.70603032E+00
+9.82500E-03,+2.38655762E+00,+40.20854288E+00
+9.85000E-03,+2.30615561E+00,+40.51005042E+00
+9.87500E-03,+2.33630636E+00,+41.01256299E+00
+9.90000E-03,+2.25590435E+00,+40.20854288E+00
+9.92500E-03,+2.25590435E+00,+41.01256299E+00
+9.95000E-03,+2.27600485E+00,+40.91206048E+00
+9.97500E-03,+2.25590435E+00,+41.01256299E+00
+10.00000E-03,+2.22575360E+00,+41.01256299E+00
+10.02500E-03,+2.17550234E+00,+41.01256299E+00
+10.05000E-03,+2.14535159E+00,+41.81658310E+00
+10.07500E-03,+2.16545209E+00,+40.71105545E+00
+10.10000E-03,+2.22575360E+00,+41.01256299E+00
+10.12500E-03,+2.17550234E+00,+41.01256299E+00
+10.15000E-03,+2.14535159E+00,+41.01256299E+00
+10.17500E-03,+2.09510033E+00,+41.31407053E+00
+10.20000E-03,+2.14535159E+00,+41.01256299E+00
+10.22500E-03,+2.06494958E+00,+41.31407053E+00
+10.25000E-03,+2.06494958E+00,+41.81658310E+00
+10.27500E-03,+2.11520084E+00,+41.81658310E+00
+10.30000E-03,+2.08505008E+00,+41.81658310E+00
+10.32500E-03,+2.06494958E+00,+41.51507556E+00
+10.35000E-03,+1.95439682E+00,+41.51507556E+00
+10.37500E-03,+1.90414556E+00,+42.62060320E+00
+10.40000E-03,+1.95439682E+00,+42.11809064E+00
+10.42500E-03,+1.95439682E+00,+42.31909566E+00
+10.45000E-03,+1.98454757E+00,+41.81658310E+00
+10.47500E-03,+1.93429631E+00,+41.81658310E+00
+10.50000E-03,+1.92424606E+00,+42.31909566E+00
+10.52500E-03,+1.87399481E+00,+41.61557807E+00
+10.55000E-03,+1.87399481E+00,+42.31909566E+00
+10.57500E-03,+1.74334154E+00,+42.62060320E+00
+10.60000E-03,+1.79359280E+00,+42.62060320E+00
+10.62500E-03,+1.74334154E+00,+42.11809064E+00
+10.65000E-03,+1.77349230E+00,+42.92211074E+00
+10.67500E-03,+1.71319079E+00,+42.62060320E+00
+10.70000E-03,+1.69309029E+00,+42.62060320E+00
+10.72500E-03,+1.71319079E+00,+42.31909566E+00
+10.75000E-03,+1.63278878E+00,+42.11809064E+00
+10.77500E-03,+1.66293953E+00,+43.12311577E+00
+10.80000E-03,+1.66293953E+00,+42.31909566E+00
+10.82500E-03,+1.61268828E+00,+42.92211074E+00
+10.85000E-03,+1.58253752E+00,+42.11809064E+00
+10.87500E-03,+1.50213552E+00,+42.31909566E+00
+10.90000E-03,+1.50213552E+00,+42.62060320E+00
+10.92500E-03,+1.50213552E+00,+43.12311577E+00
+10.95000E-03,+1.45188426E+00,+42.92211074E+00
+10.97500E-03,+1.50213552E+00,+42.92211074E+00
+11.00000E-03,+1.45188426E+00,+43.42462331E+00
+11.02500E-03,+1.45188426E+00,+43.42462331E+00
+11.05000E-03,+1.42173351E+00,+42.92211074E+00
+11.07500E-03,+1.37148225E+00,+42.62060320E+00
+11.10000E-03,+1.34133150E+00,+43.12311577E+00
+11.12500E-03,+1.34133150E+00,+43.12311577E+00
+11.15000E-03,+1.24082899E+00,+43.42462331E+00
+11.17500E-03,+1.34133150E+00,+43.42462331E+00
+11.20000E-03,+1.21067823E+00,+43.42462331E+00
+11.22500E-03,+1.31118074E+00,+43.12311577E+00
+11.25000E-03,+1.23077873E+00,+43.72613085E+00
+11.27500E-03,+1.21067823E+00,+43.42462331E+00
+11.30000E-03,+1.11017572E+00,+44.22864342E+00
+11.32500E-03,+1.18052748E+00,+43.42462331E+00
+11.35000E-03,+1.10012547E+00,+44.22864342E+00
+11.37500E-03,+1.15037672E+00,+43.92713588E+00
+11.40000E-03,+1.10012547E+00,+43.42462331E+00
+11.42500E-03,+1.08002497E+00,+43.42462331E+00
+11.45000E-03,+989.57271E-03,+43.92713588E+00
+11.47500E-03,+1.04987421E+00,+43.72613085E+00
+11.50000E-03,+1.01972346E+00,+43.92713588E+00
+11.52500E-03,+1.01972346E+00,+44.73115598E+00
+11.55000E-03,+959.42195E-03,+44.22864342E+00
+11.57500E-03,+969.47220E-03,+44.22864342E+00
+11.60000E-03,+939.32145E-03,+44.73115598E+00
+11.62500E-03,+858.91944E-03,+44.73115598E+00
+11.65000E-03,+828.76869E-03,+45.03266352E+00
+11.67500E-03,+858.91944E-03,+44.22864342E+00
+11.70000E-03,+778.51743E-03,+45.03266352E+00
+11.72500E-03,+828.76869E-03,+45.03266352E+00
+11.75000E-03,+778.51743E-03,+45.03266352E+00
+11.77500E-03,+778.51743E-03,+44.42964844E+00
+11.80000E-03,+778.51743E-03,+44.22864342E+00
+11.82500E-03,+778.51743E-03,+44.53015096E+00
+11.85000E-03,+748.36668E-03,+44.73115598E+00
+11.87500E-03,+698.11542E-03,+45.33417106E+00
+11.90000E-03,+617.71341E-03,+44.73115598E+00
+11.92500E-03,+617.71341E-03,+45.03266352E+00
+11.95000E-03,+617.71341E-03,+44.53015096E+00
+11.97500E-03,+587.56266E-03,+44.53015096E+00
+12.00000E-03,+567.46216E-03,+45.03266352E+00
+12.02500E-03,+537.31140E-03,+45.03266352E+00
+12.05000E-03,+557.41191E-03,+45.23366855E+00
+12.07500E-03,+537.31140E-03,+45.33417106E+00
+12.10000E-03,+507.16065E-03,+45.03266352E+00
+12.12500E-03,+487.06015E-03,+45.03266352E+00
+12.15000E-03,+426.75864E-03,+45.33417106E+00
+12.17500E-03,+477.00990E-03,+45.03266352E+00
+12.20000E-03,+456.90940E-03,+45.03266352E+00
+12.22500E-03,+406.65814E-03,+45.83668363E+00
+12.25000E-03,+396.60789E-03,+45.33417106E+00
+12.27500E-03,+406.65814E-03,+45.53517609E+00
+12.30000E-03,+326.25613E-03,+45.83668363E+00
+12.32500E-03,+296.10538E-03,+45.33417106E+00
+12.35000E-03,+296.10538E-03,+45.83668363E+00
+12.37500E-03,+296.10538E-03,+46.33919620E+00
+12.40000E-03,+245.85412E-03,+45.83668363E+00
+12.42500E-03,+326.25613E-03,+45.83668363E+00
+12.45000E-03,+265.95462E-03,+45.83668363E+00
+12.47500E-03,+215.70337E-03,+45.83668363E+00
+12.50000E-03,+215.70337E-03,+45.83668363E+00
+12.52500E-03,+165.45211E-03,+45.63567860E+00
+12.55000E-03,+215.70337E-03,+46.13819117E+00
+12.57500E-03,+215.70337E-03,+46.64070374E+00
+12.60000E-03,+195.60287E-03,+46.64070374E+00
+12.62500E-03,+195.60287E-03,+45.83668363E+00
+12.65000E-03,+165.45211E-03,+46.13819117E+00
+12.67500E-03,+185.55261E-03,+46.64070374E+00
+12.70000E-03,+215.70337E-03,+46.64070374E+00
+12.72500E-03,+185.55261E-03,+46.64070374E+00
+12.75000E-03,+165.45211E-03,+46.64070374E+00
+12.77500E-03,+185.55261E-03,+46.13819117E+00
+12.80000E-03,+165.45211E-03,+46.64070374E+00
+12.82500E-03,+135.30136E-03,+46.43969871E+00
+12.85000E-03,+165.45211E-03,+46.64070374E+00
+12.87500E-03,+245.85412E-03,+46.64070374E+00
+12.90000E-03,+185.55261E-03,+46.94221128E+00
+12.92500E-03,+185.55261E-03,+46.94221128E+00
+12.95000E-03,+135.30136E-03,+46.94221128E+00
+12.97500E-03,+135.30136E-03,+47.44472384E+00
+13.00000E-03,+165.45211E-03,+46.43969871E+00
+13.02500E-03,+165.45211E-03,+47.44472384E+00
+13.05000E-03,+105.15061E-03,+46.94221128E+00
+13.07500E-03,+135.30136E-03,+47.44472384E+00
+13.10000E-03,+135.30136E-03,+46.64070374E+00
+13.12500E-03,+135.30136E-03,+46.64070374E+00
+13.15000E-03,+105.15061E-03,+47.14321630E+00
+13.17500E-03,+24.74860E-03,+47.14321630E+00
+13.20000E-03,+24.74860E-03,+46.94221128E+00
+13.22500E-03,+105.15061E-03,+47.44472384E+00
+13.25000E-03,+105.15061E-03,+47.44472384E+00
+13.27500E-03,+105.15061E-03,+47.24371882E+00
+13.30000E-03,+85.05010E-03,+47.94723641E+00
+13.32500E-03,+54.89935E-03,+47.44472384E+00
+13.35000E-03,+74.99985E-03,+47.94723641E+00
+13.37500E-03,+54.89935E-03,+47.44472384E+00
+13.40000E-03,+24.74860E-03,+47.94723641E+00
+13.42500E-03,+54.89935E-03,+47.74623138E+00
+13.45000E-03,+4.64809E-03,+48.55025149E+00
+13.47500E-03,+4.64809E-03,+48.24874395E+00
+13.50000E-03,+54.89935E-03,+47.94723641E+00
+13.52500E-03,+74.99985E-03,+47.74623138E+00
+13.55000E-03,-25.50266E-03,+48.55025149E+00
+13.57500E-03,+54.89935E-03,+49.05276406E+00
+13.60000E-03,-25.50266E-03,+48.24874395E+00
+13.62500E-03,+135.30136E-03,+47.94723641E+00
+13.65000E-03,+54.89935E-03,+47.74623138E+00
+13.67500E-03,+85.05010E-03,+48.24874395E+00
+13.70000E-03,+54.89935E-03,+48.24874395E+00
+13.72500E-03,+24.74860E-03,+48.55025149E+00
+13.75000E-03,+54.89935E-03,+49.05276406E+00
+13.77500E-03,+85.05010E-03,+49.05276406E+00
+13.80000E-03,+135.30136E-03,+48.75125652E+00
+13.82500E-03,+54.89935E-03,+49.05276406E+00
+13.85000E-03,+135.30136E-03,+48.75125652E+00
+13.87500E-03,+85.05010E-03,+49.05276406E+00
+13.90000E-03,+135.30136E-03,+49.55527662E+00
+13.92500E-03,+135.30136E-03,+49.05276406E+00
+13.95000E-03,+185.55261E-03,+49.05276406E+00
+13.97500E-03,+185.55261E-03,+48.75125652E+00
+14.00000E-03,+115.20086E-03,+48.24874395E+00
+14.02500E-03,+135.30136E-03,+49.05276406E+00
+14.05000E-03,+155.40186E-03,+49.85678416E+00
+14.07500E-03,+165.45211E-03,+49.05276406E+00
+14.10000E-03,+135.30136E-03,+49.05276406E+00
+14.12500E-03,+135.30136E-03,+49.05276406E+00
+14.15000E-03,+165.45211E-03,+48.75125652E+00
+14.17500E-03,+215.70337E-03,+49.05276406E+00
+14.20000E-03,+135.30136E-03,+49.35427160E+00
+14.22500E-03,+165.45211E-03,+49.35427160E+00
+14.25000E-03,+165.45211E-03,+49.85678416E+00
+14.27500E-03,+215.70337E-03,+49.55527662E+00
+14.30000E-03,+245.85412E-03,+49.55527662E+00
+14.32500E-03,+245.85412E-03,+49.55527662E+00
+14.35000E-03,+215.70337E-03,+49.85678416E+00
+14.37500E-03,+215.70337E-03,+50.35929673E+00
+14.40000E-03,+245.85412E-03,+50.35929673E+00
+14.42500E-03,+245.85412E-03,+49.85678416E+00
+14.45000E-03,+195.60287E-03,+50.05778919E+00
+14.47500E-03,+215.70337E-03,+50.15829171E+00
+14.50000E-03,+245.85412E-03,+50.15829171E+00
+14.52500E-03,+245.85412E-03,+50.15829171E+00
+14.55000E-03,+265.95462E-03,+50.15829171E+00
+14.57500E-03,+376.50739E-03,+50.66080427E+00
+14.60000E-03,+265.95462E-03,+49.85678416E+00
+14.62500E-03,+346.35663E-03,+49.85678416E+00
+14.65000E-03,+326.25613E-03,+50.15829171E+00
+14.67500E-03,+346.35663E-03,+50.15829171E+00
+14.70000E-03,+376.50739E-03,+50.35929673E+00
+14.72500E-03,+376.50739E-03,+50.15829171E+00
+14.75000E-03,+406.65814E-03,+50.66080427E+00
+14.77500E-03,+406.65814E-03,+50.66080427E+00
+14.80000E-03,+426.75864E-03,+50.66080427E+00
+14.82500E-03,+406.65814E-03,+50.15829171E+00
+14.85000E-03,+507.16065E-03,+50.35929673E+00
+14.87500E-03,+507.16065E-03,+50.96231181E+00
+14.90000E-03,+456.90940E-03,+49.85678416E+00
+14.92500E-03,+426.75864E-03,+50.66080427E+00
+14.95000E-03,+487.06015E-03,+51.36432186E+00
+14.97500E-03,+507.16065E-03,+50.45979925E+00
+15.00000E-03,+537.31140E-03,+51.46482438E+00
+15.02500E-03,+567.46216E-03,+51.16331684E+00
+15.05000E-03,+537.31140E-03,+50.96231181E+00
+15.07500E-03,+567.46216E-03,+50.96231181E+00
+15.10000E-03,+537.31140E-03,+50.96231181E+00
+15.12500E-03,+667.96467E-03,+51.96733694E+00
+15.15000E-03,+617.71341E-03,+51.46482438E+00
+15.17500E-03,+667.96467E-03,+51.46482438E+00
+15.20000E-03,+647.86417E-03,+51.96733694E+00
+15.22500E-03,+667.96467E-03,+51.46482438E+00
+15.25000E-03,+647.86417E-03,+51.46482438E+00
+15.27500E-03,+667.96467E-03,+51.46482438E+00
+15.30000E-03,+728.26618E-03,+51.46482438E+00
+15.32500E-03,+698.11542E-03,+51.46482438E+00
+15.35000E-03,+798.61793E-03,+52.26884449E+00
+15.37500E-03,+778.51743E-03,+51.46482438E+00
+15.40000E-03,+728.26618E-03,+51.96733694E+00
+15.42500E-03,+778.51743E-03,+51.46482438E+00
+15.45000E-03,+808.66819E-03,+51.46482438E+00
+15.47500E-03,+808.66819E-03,+52.26884449E+00
+15.50000E-03,+858.91944E-03,+52.06783946E+00
+15.52500E-03,+858.91944E-03,+51.96733694E+00
+15.55000E-03,+778.51743E-03,+51.46482438E+00
+15.57500E-03,+909.17070E-03,+52.26884449E+00
+15.60000E-03,+889.07020E-03,+51.16331684E+00
+15.62500E-03,+909.17070E-03,+52.26884449E+00
+15.65000E-03,+939.32145E-03,+52.26884449E+00
+15.67500E-03,+1.01972346E+00,+52.57035203E+00
+15.70000E-03,+989.57271E-03,+51.96733694E+00
+15.72500E-03,+1.01972346E+00,+52.77135705E+00
+15.75000E-03,+939.32145E-03,+52.77135705E+00
+15.77500E-03,+1.01972346E+00,+52.57035203E+00
+15.80000E-03,+1.01972346E+00,+52.57035203E+00
+15.82500E-03,+1.01972346E+00,+53.87688470E+00
+15.85000E-03,+1.04987421E+00,+52.87185957E+00
+15.87500E-03,+1.04987421E+00,+52.26884449E+00
+15.90000E-03,+1.06997472E+00,+53.57537716E+00
+15.92500E-03,+1.15037672E+00,+53.07286459E+00
+15.95000E-03,+1.13027622E+00,+53.07286459E+00
+15.97500E-03,+1.15037672E+00,+53.57537716E+00
+16.00000E-03,+1.23077873E+00,+53.57537716E+00
+16.02500E-03,+1.21067823E+00,+53.07286459E+00
+16.05000E-03,+1.23077873E+00,+53.07286459E+00
+16.07500E-03,+1.26092949E+00,+52.77135705E+00
+16.10000E-03,+1.26092949E+00,+52.77135705E+00
+16.12500E-03,+1.31118074E+00,+53.07286459E+00
+16.15000E-03,+1.26092949E+00,+53.07286459E+00
+16.17500E-03,+1.34133150E+00,+53.37437213E+00
+16.20000E-03,+1.34133150E+00,+53.87688470E+00
+16.22500E-03,+1.37148225E+00,+54.07788972E+00
+16.25000E-03,+1.42173351E+00,+53.57537716E+00
+16.27500E-03,+1.34133150E+00,+54.37939727E+00
+16.30000E-03,+1.42173351E+00,+53.87688470E+00
+16.32500E-03,+1.40163300E+00,+52.87185957E+00
+16.35000E-03,+1.47198476E+00,+53.37437213E+00
+16.37500E-03,+1.42173351E+00,+53.57537716E+00
+16.40000E-03,+1.50213552E+00,+54.68090481E+00
+16.42500E-03,+1.45188426E+00,+53.87688470E+00
+16.45000E-03,+1.50213552E+00,+53.87688470E+00
+16.47500E-03,+1.58253752E+00,+53.87688470E+00
+16.50000E-03,+1.56243702E+00,+53.37437213E+00
+16.52500E-03,+1.58253752E+00,+54.68090481E+00
+16.55000E-03,+1.55238677E+00,+53.87688470E+00
+16.57500E-03,+1.61268828E+00,+54.17839224E+00
+16.60000E-03,+1.61268828E+00,+54.37939727E+00
+16.62500E-03,+1.63278878E+00,+54.88190983E+00
+16.65000E-03,+1.66293953E+00,+54.68090481E+00
+16.67500E-03,+1.74334154E+00,+54.68090481E+00
+16.70000E-03,+1.74334154E+00,+53.87688470E+00
+16.72500E-03,+1.74334154E+00,+54.17839224E+00
+16.75000E-03,+1.79359280E+00,+54.98241235E+00
+16.77500E-03,+1.74334154E+00,+54.68090481E+00
+16.80000E-03,+1.79359280E+00,+55.18341737E+00
+16.82500E-03,+1.85389431E+00,+54.68090481E+00
+16.85000E-03,+1.77349230E+00,+54.68090481E+00
+16.87500E-03,+1.87399481E+00,+54.88190983E+00
+16.90000E-03,+1.90414556E+00,+55.48492491E+00
+16.92500E-03,+1.85389431E+00,+54.68090481E+00
+16.95000E-03,+1.85389431E+00,+54.68090481E+00
+16.97500E-03,+1.91419581E+00,+55.48492491E+00
+17.00000E-03,+1.90414556E+00,+54.68090481E+00
+17.02500E-03,+1.93429631E+00,+55.78643245E+00
+17.05000E-03,+1.93429631E+00,+54.98241235E+00
+17.07500E-03,+1.95439682E+00,+54.98241235E+00
+17.10000E-03,+2.01469832E+00,+55.48492491E+00
+17.12500E-03,+1.98454757E+00,+54.98241235E+00
+17.15000E-03,+2.06494958E+00,+54.98241235E+00
+17.17500E-03,+2.06494958E+00,+55.18341737E+00
+17.20000E-03,+2.06494958E+00,+55.48492491E+00
+17.22500E-03,+2.01469832E+00,+55.78643245E+00
+17.25000E-03,+2.06494958E+00,+55.48492491E+00
+17.27500E-03,+2.06494958E+00,+55.68592994E+00
+17.30000E-03,+2.09510033E+00,+56.28894502E+00
+17.32500E-03,+2.12525109E+00,+55.68592994E+00
+17.35000E-03,+2.11520084E+00,+55.48492491E+00
+17.37500E-03,+2.14535159E+00,+55.98743748E+00
+17.40000E-03,+2.14535159E+00,+55.48492491E+00
+17.42500E-03,+2.22575360E+00,+55.78643245E+00
+17.45000E-03,+2.14535159E+00,+55.78643245E+00
+17.47500E-03,+2.22575360E+00,+55.48492491E+00
+17.50000E-03,+2.22575360E+00,+57.09296513E+00
+17.52500E-03,+2.17550234E+00,+55.48492491E+00
+17.55000E-03,+2.22575360E+00,+55.98743748E+00
+17.57500E-03,+2.22575360E+00,+55.48492491E+00
+17.60000E-03,+2.20565310E+00,+56.59045256E+00
+17.62500E-03,+2.27600485E+00,+56.08793999E+00
+17.65000E-03,+2.25590435E+00,+56.79145759E+00
+17.67500E-03,+2.25590435E+00,+55.78643245E+00
+17.70000E-03,+2.35640686E+00,+56.28894502E+00
+17.72500E-03,+2.25590435E+00,+56.59045256E+00
+17.75000E-03,+2.30615561E+00,+57.39447267E+00
+17.77500E-03,+2.33630636E+00,+56.59045256E+00
+17.80000E-03,+2.38655762E+00,+57.39447267E+00
+17.82500E-03,+2.30615561E+00,+56.79145759E+00
+17.85000E-03,+2.38655762E+00,+56.79145759E+00
+17.87500E-03,+2.35640686E+00,+56.28894502E+00
+17.90000E-03,+2.38655762E+00,+56.59045256E+00
+17.92500E-03,+2.38655762E+00,+57.09296513E+00
+17.95000E-03,+2.38655762E+00,+56.79145759E+00
+17.97500E-03,+2.41670837E+00,+56.59045256E+00
+18.00000E-03,+2.38655762E+00,+56.79145759E+00
+18.02500E-03,+2.41670837E+00,+57.59547769E+00
+18.05000E-03,+2.33630636E+00,+57.09296513E+00
+18.07500E-03,+2.43680887E+00,+56.79145759E+00
+18.10000E-03,+2.33630636E+00,+56.79145759E+00
+18.12500E-03,+2.41670837E+00,+57.09296513E+00
+18.15000E-03,+2.38655762E+00,+57.39447267E+00
+18.17500E-03,+2.41670837E+00,+57.09296513E+00
+18.20000E-03,+2.43680887E+00,+57.39447267E+00
+18.22500E-03,+2.46695963E+00,+57.59547769E+00
+18.25000E-03,+2.49711038E+00,+57.59547769E+00
+18.27500E-03,+2.41670837E+00,+57.59547769E+00
+18.30000E-03,+2.49711038E+00,+57.89698523E+00
+18.32500E-03,+2.46695963E+00,+58.19849277E+00
+18.35000E-03,+2.41670837E+00,+57.59547769E+00
+18.37500E-03,+2.46695963E+00,+58.39949780E+00
+18.40000E-03,+2.38655762E+00,+57.89698523E+00
+18.42500E-03,+2.51721088E+00,+58.39949780E+00
+18.45000E-03,+2.46695963E+00,+57.89698523E+00
+18.47500E-03,+2.49711038E+00,+58.39949780E+00
+18.50000E-03,+2.41670837E+00,+57.89698523E+00
+18.52500E-03,+2.46695963E+00,+57.89698523E+00
+18.55000E-03,+2.48706013E+00,+57.59547769E+00
+18.57500E-03,+2.41670837E+00,+58.39949780E+00
+18.60000E-03,+2.51721088E+00,+59.00251288E+00
+18.62500E-03,+2.46695963E+00,+58.39949780E+00
+18.65000E-03,+2.41670837E+00,+58.39949780E+00
+18.67500E-03,+2.46695963E+00,+58.70100534E+00
+18.70000E-03,+2.46695963E+00,+57.89698523E+00
+18.72500E-03,+2.51721088E+00,+57.69598021E+00
+18.75000E-03,+2.46695963E+00,+58.70100534E+00
+18.77500E-03,+2.46695963E+00,+58.70100534E+00
+18.80000E-03,+2.49711038E+00,+58.90201037E+00
+18.82500E-03,+2.41670837E+00,+58.39949780E+00
+18.85000E-03,+2.46695963E+00,+58.90201037E+00
+18.87500E-03,+2.46695963E+00,+58.70100534E+00
+18.90000E-03,+2.38655762E+00,+58.70100534E+00
+18.92500E-03,+2.38655762E+00,+59.50502545E+00
+18.95000E-03,+2.43680887E+00,+58.70100534E+00
+18.97500E-03,+2.43680887E+00,+59.00251288E+00
+19.00000E-03,+2.41670837E+00,+58.70100534E+00
+19.02500E-03,+2.43680887E+00,+58.70100534E+00
+19.05000E-03,+2.41670837E+00,+58.90201037E+00
+19.07500E-03,+2.38655762E+00,+58.70100534E+00
+19.10000E-03,+2.35640686E+00,+58.50000031E+00
+19.12500E-03,+2.38655762E+00,+58.70100534E+00
+19.15000E-03,+2.46695963E+00,+59.70603047E+00
+19.17500E-03,+2.43680887E+00,+59.80653299E+00
+19.20000E-03,+2.41670837E+00,+59.50502545E+00
+19.22500E-03,+2.41670837E+00,+59.80653299E+00
+19.25000E-03,+2.38655762E+00,+59.50502545E+00
+19.27500E-03,+2.41670837E+00,+59.50502545E+00
+19.30000E-03,+2.38655762E+00,+59.50502545E+00
+19.32500E-03,+2.38655762E+00,+59.50502545E+00
+19.35000E-03,+2.35640686E+00,+60.00753801E+00
+19.37500E-03,+2.35640686E+00,+59.80653299E+00
+19.40000E-03,+2.38655762E+00,+60.30904555E+00
+19.42500E-03,+2.30615561E+00,+60.00753801E+00
+19.45000E-03,+2.35640686E+00,+59.50502545E+00
+19.47500E-03,+2.30615561E+00,+59.50502545E+00
+19.50000E-03,+2.27600485E+00,+60.00753801E+00
+19.52500E-03,+2.27600485E+00,+60.30904555E+00
+19.55000E-03,+2.33630636E+00,+60.00753801E+00
+19.57500E-03,+2.30615561E+00,+60.30904555E+00
+19.60000E-03,+2.30615561E+00,+60.00753801E+00
+19.62500E-03,+2.27600485E+00,+59.80653299E+00
+19.65000E-03,+2.17550234E+00,+60.30904555E+00
+19.67500E-03,+2.22575360E+00,+60.30904555E+00
+19.70000E-03,+2.17550234E+00,+60.61055309E+00
+19.72500E-03,+2.22575360E+00,+60.30904555E+00
+19.75000E-03,+2.25590435E+00,+60.30904555E+00
+19.77500E-03,+2.19560284E+00,+60.30904555E+00
+19.80000E-03,+2.17550234E+00,+61.61557823E+00
+19.82500E-03,+2.14535159E+00,+60.30904555E+00
+19.85000E-03,+2.14535159E+00,+60.61055309E+00
+19.87500E-03,+2.14535159E+00,+60.30904555E+00
+19.90000E-03,+2.09510033E+00,+61.11306566E+00
+19.92500E-03,+2.11520084E+00,+61.11306566E+00
+19.95000E-03,+2.06494958E+00,+60.61055309E+00
+19.97500E-03,+2.04484908E+00,+60.81155812E+00
+20.00000E-03,+2.06494958E+00,+60.30904555E+00
+20.02500E-03,+2.06494958E+00,+60.61055309E+00
+20.05000E-03,+2.01469832E+00,+61.11306566E+00
+20.07500E-03,+1.98454757E+00,+60.81155812E+00
+20.10000E-03,+2.06494958E+00,+61.11306566E+00
+20.12500E-03,+2.03479883E+00,+61.61557823E+00
+20.15000E-03,+1.95439682E+00,+61.41457320E+00
+20.17500E-03,+1.93429631E+00,+61.11306566E+00
+20.20000E-03,+1.90414556E+00,+61.91708577E+00
+20.22500E-03,+1.90414556E+00,+61.71608074E+00
+20.25000E-03,+1.90414556E+00,+61.61557823E+00
+20.27500E-03,+1.87399481E+00,+61.91708577E+00
+20.30000E-03,+1.85389431E+00,+60.91206063E+00
+20.32500E-03,+1.87399481E+00,+61.61557823E+00
+20.35000E-03,+1.85389431E+00,+61.91708577E+00
+20.37500E-03,+1.82374355E+00,+61.11306566E+00
+20.40000E-03,+1.77349230E+00,+61.91708577E+00
+20.42500E-03,+1.74334154E+00,+61.91708577E+00
+20.45000E-03,+1.80364305E+00,+61.91708577E+00
+20.47500E-03,+1.74334154E+00,+61.41457320E+00
+20.50000E-03,+1.74334154E+00,+61.91708577E+00
+20.52500E-03,+1.79359280E+00,+62.11809079E+00
+20.55000E-03,+1.66293953E+00,+62.21859331E+00
+20.57500E-03,+1.66293953E+00,+62.21859331E+00
+20.60000E-03,+1.69309029E+00,+62.21859331E+00
+20.62500E-03,+1.61268828E+00,+62.21859331E+00
+20.65000E-03,+1.61268828E+00,+62.21859331E+00
+20.67500E-03,+1.61268828E+00,+62.41959833E+00
+20.70000E-03,+1.66293953E+00,+62.41959833E+00
+20.72500E-03,+1.55238677E+00,+62.72110587E+00
+20.75000E-03,+1.58253752E+00,+62.41959833E+00
+20.77500E-03,+1.55238677E+00,+63.02261341E+00
+20.80000E-03,+1.60263803E+00,+61.91708577E+00
+20.82500E-03,+1.45188426E+00,+62.21859331E+00
+20.85000E-03,+1.42173351E+00,+63.22361844E+00
+20.87500E-03,+1.42173351E+00,+62.72110587E+00
+20.90000E-03,+1.47198476E+00,+63.22361844E+00
+20.92500E-03,+1.39158275E+00,+63.02261341E+00
+20.95000E-03,+1.34133150E+00,+62.52010085E+00
+20.97500E-03,+1.37148225E+00,+63.22361844E+00
+21.00000E-03,+1.26092949E+00,+63.52512598E+00
+21.02500E-03,+1.34133150E+00,+62.72110587E+00
+21.05000E-03,+1.31118074E+00,+62.72110587E+00
+21.07500E-03,+1.29108024E+00,+63.02261341E+00
+21.10000E-03,+1.26092949E+00,+63.02261341E+00
+21.12500E-03,+1.23077873E+00,+63.52512598E+00
+21.15000E-03,+1.23077873E+00,+63.02261341E+00
+21.17500E-03,+1.18052748E+00,+63.22361844E+00
+21.20000E-03,+1.13027622E+00,+63.52512598E+00
+21.22500E-03,+1.10012547E+00,+64.32914609E+00
+21.25000E-03,+1.13027622E+00,+63.52512598E+00
+21.27500E-03,+1.15037672E+00,+63.32412095E+00
+21.30000E-03,+1.15037672E+00,+63.52512598E+00
+21.32500E-03,+1.04987421E+00,+64.02763855E+00
+21.35000E-03,+1.04987421E+00,+63.82663352E+00
+21.37500E-03,+1.06997472E+00,+64.32914609E+00
+21.40000E-03,+969.47220E-03,+64.32914609E+00
+21.42500E-03,+1.01972346E+00,+64.02763855E+00
+21.45000E-03,+1.04987421E+00,+63.52512598E+00
+21.47500E-03,+939.32145E-03,+63.82663352E+00
+21.50000E-03,+939.32145E-03,+63.52512598E+00
+21.52500E-03,+939.32145E-03,+63.52512598E+00
+21.55000E-03,+858.91944E-03,+63.52512598E+00
+21.57500E-03,+939.32145E-03,+63.82663352E+00
+21.60000E-03,+889.07020E-03,+63.52512598E+00
+21.62500E-03,+889.07020E-03,+64.53015111E+00
+21.65000E-03,+808.66819E-03,+64.32914609E+00
+21.67500E-03,+828.76869E-03,+64.53015111E+00
+21.70000E-03,+778.51743E-03,+64.63065363E+00
+21.72500E-03,+828.76869E-03,+64.83165865E+00
+21.75000E-03,+828.76869E-03,+65.13316619E+00
+21.77500E-03,+828.76869E-03,+64.63065363E+00
+21.80000E-03,+698.11542E-03,+65.33417122E+00
+21.82500E-03,+748.36668E-03,+65.43467373E+00
+21.85000E-03,+778.51743E-03,+65.63567876E+00
+21.87500E-03,+698.11542E-03,+65.13316619E+00
+21.90000E-03,+647.86417E-03,+65.13316619E+00
+21.92500E-03,+698.11542E-03,+65.13316619E+00
+21.95000E-03,+667.96467E-03,+65.13316619E+00
+21.97500E-03,+637.81392E-03,+65.63567876E+00
+22.00000E-03,+667.96467E-03,+65.13316619E+00
+22.02500E-03,+587.56266E-03,+65.13316619E+00
+22.05000E-03,+617.71341E-03,+65.13316619E+00
+22.07500E-03,+537.31140E-03,+65.13316619E+00
+22.10000E-03,+537.31140E-03,+65.43467373E+00
+22.12500E-03,+456.90940E-03,+65.63567876E+00
+22.15000E-03,+456.90940E-03,+65.63567876E+00
+22.17500E-03,+507.16065E-03,+65.13316619E+00
+22.20000E-03,+436.80889E-03,+65.13316619E+00
+22.22500E-03,+456.90940E-03,+65.63567876E+00
+22.25000E-03,+406.65814E-03,+65.93718630E+00
+22.27500E-03,+426.75864E-03,+65.93718630E+00
+22.30000E-03,+456.90940E-03,+65.63567876E+00
+22.32500E-03,+346.35663E-03,+66.23869384E+00
+22.35000E-03,+296.10538E-03,+65.63567876E+00
+22.37500E-03,+376.50739E-03,+65.63567876E+00
+22.40000E-03,+326.25613E-03,+65.13316619E+00
+22.42500E-03,+296.10538E-03,+65.73618128E+00
+22.45000E-03,+326.25613E-03,+65.43467373E+00
+22.47500E-03,+296.10538E-03,+65.93718630E+00
+22.50000E-03,+245.85412E-03,+66.23869384E+00
+22.52500E-03,+265.95462E-03,+65.93718630E+00
+22.55000E-03,+215.70337E-03,+65.63567876E+00
+22.57500E-03,+215.70337E-03,+65.73618128E+00
+22.60000E-03,+265.95462E-03,+66.23869384E+00
+22.62500E-03,+215.70337E-03,+66.43969887E+00
+22.65000E-03,+215.70337E-03,+66.23869384E+00
+22.67500E-03,+185.55261E-03,+66.74120641E+00
+22.70000E-03,+165.45211E-03,+65.93718630E+00
+22.72500E-03,+185.55261E-03,+65.93718630E+00
+22.75000E-03,+24.74860E-03,+66.43969887E+00
+22.77500E-03,+105.15061E-03,+66.74120641E+00
+22.80000E-03,+105.15061E-03,+66.74120641E+00
+22.82500E-03,+85.05010E-03,+66.74120641E+00
+22.85000E-03,+85.05010E-03,+66.74120641E+00
+22.87500E-03,+54.89935E-03,+66.74120641E+00
+22.90000E-03,+105.15061E-03,+66.74120641E+00
+22.92500E-03,-25.50266E-03,+66.43969887E+00
+22.95000E-03,+54.89935E-03,+66.74120641E+00
+22.97500E-03,+24.74860E-03,+67.24371897E+00
+23.00000E-03,-75.75392E-03,+67.24371897E+00
+23.02500E-03,-25.50266E-03,+67.24371897E+00
+23.05000E-03,-105.90467E-03,+68.04773908E+00
+23.07500E-03,-5.40216E-03,+66.74120641E+00
+23.10000E-03,-75.75392E-03,+67.54522651E+00
+23.12500E-03,-105.90467E-03,+67.04271395E+00
+23.15000E-03,-105.90467E-03,+67.54522651E+00
+23.17500E-03,-55.65341E-03,+67.24371897E+00
+23.20000E-03,-105.90467E-03,+66.74120641E+00
+23.22500E-03,-136.05542E-03,+67.54522651E+00
+23.25000E-03,-105.90467E-03,+67.54522651E+00
+23.27500E-03,-105.90467E-03,+67.54522651E+00
+23.30000E-03,-156.15592E-03,+67.04271395E+00
+23.32500E-03,-156.15592E-03,+68.04773908E+00
+23.35000E-03,-186.30668E-03,+67.54522651E+00
+23.37500E-03,-186.30668E-03,+67.34422149E+00
+23.40000E-03,-186.30668E-03,+67.84673405E+00
+23.42500E-03,-236.55793E-03,+67.54522651E+00
+23.45000E-03,-266.70869E-03,+68.34924662E+00
+23.47500E-03,-296.85944E-03,+67.84673405E+00
+23.50000E-03,-266.70869E-03,+67.54522651E+00
+23.52500E-03,-266.70869E-03,+68.04773908E+00
+23.55000E-03,-286.80919E-03,+68.04773908E+00
+23.57500E-03,-296.85944E-03,+68.04773908E+00
+23.60000E-03,-296.85944E-03,+67.84673405E+00
+23.62500E-03,-216.45743E-03,+68.34924662E+00
+23.65000E-03,-377.26145E-03,+67.84673405E+00
+23.67500E-03,-347.11070E-03,+68.55025165E+00
+23.70000E-03,-367.21120E-03,+68.34924662E+00
+23.72500E-03,-397.36195E-03,+68.34924662E+00
+23.75000E-03,-427.51271E-03,+68.34924662E+00
+23.77500E-03,-397.36195E-03,+68.34924662E+00
+23.80000E-03,-347.11070E-03,+68.34924662E+00
+23.82500E-03,-347.11070E-03,+69.15326673E+00
+23.85000E-03,-377.26145E-03,+68.85175919E+00
+23.87500E-03,-397.36195E-03,+68.65075416E+00
+23.90000E-03,-397.36195E-03,+68.85175919E+00
+23.92500E-03,-347.11070E-03,+68.85175919E+00
+23.95000E-03,-427.51271E-03,+69.15326673E+00
+23.97500E-03,-377.26145E-03,+69.15326673E+00
+24.00000E-03,-427.51271E-03,+68.95226170E+00
+24.02500E-03,-457.66346E-03,+69.45477427E+00
+24.05000E-03,-397.36195E-03,+69.65577929E+00
+24.07500E-03,-457.66346E-03,+69.15326673E+00
+24.10000E-03,-457.66346E-03,+68.85175919E+00
+24.12500E-03,-427.51271E-03,+69.45477427E+00
+24.15000E-03,-477.76396E-03,+69.95728683E+00
+24.17500E-03,-507.91471E-03,+68.65075416E+00
+24.20000E-03,-457.66346E-03,+69.65577929E+00
+24.22500E-03,-477.76396E-03,+69.15326673E+00
+24.25000E-03,-507.91471E-03,+69.45477427E+00
+24.27500E-03,-558.16597E-03,+69.65577929E+00
+24.30000E-03,-507.91471E-03,+68.85175919E+00
+24.32500E-03,-507.91471E-03,+69.95728683E+00
+24.35000E-03,-507.91471E-03,+69.95728683E+00
+24.37500E-03,-558.16597E-03,+69.45477427E+00
+24.40000E-03,-457.66346E-03,+69.45477427E+00
+24.42500E-03,-507.91471E-03,+69.45477427E+00
+24.45000E-03,-507.91471E-03,+69.95728683E+00
+24.47500E-03,-507.91471E-03,+70.45979940E+00
+24.50000E-03,-507.91471E-03,+69.95728683E+00
+24.52500E-03,-538.06547E-03,+69.95728683E+00
+24.55000E-03,-477.76396E-03,+69.95728683E+00
+24.57500E-03,-588.31672E-03,+69.65577929E+00
+24.60000E-03,-558.16597E-03,+70.45979940E+00
+24.62500E-03,-558.16597E-03,+70.76130694E+00
+24.65000E-03,-538.06547E-03,+70.45979940E+00
+24.67500E-03,-507.91471E-03,+70.96231197E+00
+24.70000E-03,-538.06547E-03,+69.95728683E+00
+24.72500E-03,-588.31672E-03,+70.76130694E+00
+24.75000E-03,-457.66346E-03,+70.25879438E+00
+24.77500E-03,-538.06547E-03,+70.45979940E+00
+24.80000E-03,-588.31672E-03,+71.06281448E+00
+24.82500E-03,-588.31672E-03,+70.76130694E+00
+24.85000E-03,-558.16597E-03,+70.76130694E+00
+24.87500E-03,-558.16597E-03,+70.25879438E+00
+24.90000E-03,-588.31672E-03,+71.26381951E+00
+24.92500E-03,-538.06547E-03,+71.26381951E+00
+24.95000E-03,-538.06547E-03,+70.76130694E+00
+24.97500E-03,-588.31672E-03,+70.76130694E+00
+25.00000E-03,-507.91471E-03,+71.06281448E+00
+25.02500E-03,-558.16597E-03,+70.96231197E+00
+25.05000E-03,-588.31672E-03,+71.26381951E+00
+25.07500E-03,-588.31672E-03,+71.26381951E+00
+25.10000E-03,-538.06547E-03,+71.26381951E+00
+25.12500E-03,-507.91471E-03,+71.56532705E+00
+25.15000E-03,-538.06547E-03,+70.76130694E+00
+25.17500E-03,-538.06547E-03,+71.06281448E+00
+25.20000E-03,-538.06547E-03,+70.76130694E+00
+25.22500E-03,-507.91471E-03,+71.06281448E+00
+25.25000E-03,-538.06547E-03,+71.56532705E+00
+25.27500E-03,-487.81421E-03,+71.06281448E+00
+25.30000E-03,-507.91471E-03,+71.26381951E+00
+25.32500E-03,-538.06547E-03,+71.56532705E+00
+25.35000E-03,-528.01522E-03,+71.36432202E+00
+25.37500E-03,-558.16597E-03,+72.06783961E+00
+25.40000E-03,-538.06547E-03,+71.56532705E+00
+25.42500E-03,-588.31672E-03,+71.56532705E+00
+25.45000E-03,-507.91471E-03,+72.06783961E+00
+25.47500E-03,-507.91471E-03,+71.86683459E+00
+25.50000E-03,-507.91471E-03,+71.56532705E+00
+25.52500E-03,-558.16597E-03,+73.17336726E+00
+25.55000E-03,-538.06547E-03,+72.36934716E+00
+25.57500E-03,-558.16597E-03,+72.87185972E+00
+25.60000E-03,-507.91471E-03,+72.36934716E+00
+25.62500E-03,-507.91471E-03,+71.86683459E+00
+25.65000E-03,-538.06547E-03,+72.36934716E+00
+25.67500E-03,-477.76396E-03,+72.36934716E+00
+25.70000E-03,-507.91471E-03,+71.56532705E+00
+25.72500E-03,-487.81421E-03,+71.86683459E+00
+25.75000E-03,-507.91471E-03,+71.86683459E+00
+25.77500E-03,-477.76396E-03,+72.36934716E+00
+25.80000E-03,-477.76396E-03,+73.17336726E+00
+25.82500E-03,-507.91471E-03,+71.86683459E+00
+25.85000E-03,-457.66346E-03,+72.87185972E+00
+25.87500E-03,-507.91471E-03,+72.87185972E+00
+25.90000E-03,-457.66346E-03,+72.97236224E+00
+25.92500E-03,-477.76396E-03,+72.87185972E+00
+25.95000E-03,-457.66346E-03,+73.67587983E+00
+25.97500E-03,-507.91471E-03,+72.67085470E+00
+26.00000E-03,-427.51271E-03,+73.17336726E+00
+26.02500E-03,-457.66346E-03,+72.67085470E+00
+26.05000E-03,-427.51271E-03,+73.47487480E+00
+26.07500E-03,-447.61321E-03,+73.47487480E+00
+26.10000E-03,-477.76396E-03,+73.17336726E+00
+26.12500E-03,-427.51271E-03,+73.17336726E+00
+26.15000E-03,-427.51271E-03,+73.17336726E+00
+26.17500E-03,-427.51271E-03,+72.87185972E+00
+26.20000E-03,-407.41220E-03,+73.67587983E+00
+26.22500E-03,-457.66346E-03,+73.67587983E+00
+26.25000E-03,-427.51271E-03,+73.97738737E+00
+26.27500E-03,-397.36195E-03,+73.67587983E+00
+26.30000E-03,-347.11070E-03,+73.97738737E+00
+26.32500E-03,-377.26145E-03,+73.17336726E+00
+26.35000E-03,-427.51271E-03,+73.67587983E+00
+26.37500E-03,-347.11070E-03,+73.47487480E+00
+26.40000E-03,-347.11070E-03,+73.97738737E+00
+26.42500E-03,-266.70869E-03,+73.97738737E+00
+26.45000E-03,-377.26145E-03,+73.97738737E+00
+26.47500E-03,-316.95994E-03,+73.67587983E+00
+26.50000E-03,-397.36195E-03,+73.97738737E+00
+26.52500E-03,-347.11070E-03,+73.97738737E+00
+26.55000E-03,-347.11070E-03,+74.78140748E+00
+26.57500E-03,-397.36195E-03,+73.77638234E+00
+26.60000E-03,-347.11070E-03,+74.47989993E+00
+26.62500E-03,-266.70869E-03,+74.47989993E+00
+26.65000E-03,-266.70869E-03,+74.27889491E+00
+26.67500E-03,-316.95994E-03,+73.97738737E+00
+26.70000E-03,-266.70869E-03,+75.08291502E+00
+26.72500E-03,-296.85944E-03,+73.97738737E+00
+26.75000E-03,-266.70869E-03,+74.98241250E+00
+26.77500E-03,-296.85944E-03,+74.27889491E+00
+26.80000E-03,-266.70869E-03,+74.78140748E+00
+26.82500E-03,-266.70869E-03,+75.08291502E+00
+26.85000E-03,-316.95994E-03,+74.47989993E+00
+26.87500E-03,-266.70869E-03,+74.17839239E+00
+26.90000E-03,-266.70869E-03,+75.08291502E+00
+26.92500E-03,-296.85944E-03,+74.78140748E+00
+26.95000E-03,-266.70869E-03,+75.08291502E+00
+26.97500E-03,-246.60818E-03,+74.27889491E+00
+27.00000E-03,-266.70869E-03,+75.58542758E+00
+27.02500E-03,-266.70869E-03,+75.78643261E+00
+27.05000E-03,-216.45743E-03,+75.28392004E+00
+27.07500E-03,-266.70869E-03,+74.78140748E+00
+27.10000E-03,-266.70869E-03,+74.78140748E+00
+27.12500E-03,-246.60818E-03,+75.58542758E+00
+27.15000E-03,-216.45743E-03,+75.08291502E+00
+27.17500E-03,-216.45743E-03,+75.28392004E+00
+27.20000E-03,-266.70869E-03,+75.28392004E+00
+27.22500E-03,-186.30668E-03,+75.28392004E+00
+27.25000E-03,-166.20618E-03,+75.58542758E+00
+27.27500E-03,-186.30668E-03,+75.58542758E+00
+27.30000E-03,-186.30668E-03,+76.08794015E+00
+27.32500E-03,-186.30668E-03,+75.08291502E+00
+27.35000E-03,-206.40718E-03,+75.58542758E+00
+27.37500E-03,-266.70869E-03,+76.89196026E+00
+27.40000E-03,-136.05542E-03,+75.58542758E+00
+27.42500E-03,-156.15592E-03,+75.88693512E+00
+27.45000E-03,-136.05542E-03,+76.38944769E+00
+27.47500E-03,-186.30668E-03,+75.58542758E+00
+27.50000E-03,-166.20618E-03,+76.38944769E+00
+27.52500E-03,-136.05542E-03,+76.38944769E+00
+27.55000E-03,-166.20618E-03,+76.08794015E+00
+27.57500E-03,-105.90467E-03,+76.38944769E+00
+27.60000E-03,-156.15592E-03,+76.38944769E+00
+27.62500E-03,-136.05542E-03,+76.38944769E+00
+27.65000E-03,-136.05542E-03,+76.38944769E+00
+27.67500E-03,-105.90467E-03,+76.38944769E+00
+27.70000E-03,-156.15592E-03,+76.38944769E+00
+27.72500E-03,-136.05542E-03,+76.38944769E+00
+27.75000E-03,-75.75392E-03,+76.38944769E+00
+27.77500E-03,-156.15592E-03,+76.69095523E+00
+27.80000E-03,-136.05542E-03,+75.88693512E+00
+27.82500E-03,-105.90467E-03,+76.38944769E+00
+27.85000E-03,-136.05542E-03,+76.59045271E+00
+27.87500E-03,-55.65341E-03,+76.38944769E+00
+27.90000E-03,-136.05542E-03,+76.89196026E+00
+27.92500E-03,-55.65341E-03,+76.69095523E+00
+27.95000E-03,-105.90467E-03,+76.69095523E+00
+27.97500E-03,-105.90467E-03,+77.49497534E+00
+28.00000E-03,-75.75392E-03,+77.19346780E+00
+28.02500E-03,-105.90467E-03,+77.19346780E+00
+28.05000E-03,-75.75392E-03,+76.38944769E+00
+28.07500E-03,-105.90467E-03,+77.19346780E+00
+28.10000E-03,-55.65341E-03,+76.89196026E+00
+28.12500E-03,-55.65341E-03,+77.19346780E+00
+28.15000E-03,-136.05542E-03,+77.69598036E+00
+28.17500E-03,-85.80417E-03,+77.49497534E+00
+28.20000E-03,-156.15592E-03,+77.49497534E+00
+28.22500E-03,-105.90467E-03,+77.19346780E+00
+28.25000E-03,-85.80417E-03,+77.19346780E+00
+28.27500E-03,-105.90467E-03,+77.19346780E+00
+28.30000E-03,-105.90467E-03,+77.99748790E+00
+28.32500E-03,-105.90467E-03,+77.99748790E+00
+28.35000E-03,-55.65341E-03,+77.49497534E+00
+28.37500E-03,-55.65341E-03,+77.19346780E+00
+28.40000E-03,-75.75392E-03,+77.49497534E+00
+28.42500E-03,-105.90467E-03,+77.69598036E+00
+28.45000E-03,-55.65341E-03,+77.69598036E+00
+28.47500E-03,-105.90467E-03,+78.50000047E+00
+28.50000E-03,-105.90467E-03,+77.49497534E+00
+28.52500E-03,-75.75392E-03,+77.99748790E+00
+28.55000E-03,-95.85442E-03,+77.99748790E+00
+28.57500E-03,-25.50266E-03,+77.99748790E+00
+28.60000E-03,-75.75392E-03,+77.99748790E+00
+28.62500E-03,-5.40216E-03,+78.50000047E+00
+28.65000E-03,-105.90467E-03,+77.99748790E+00
+28.67500E-03,-55.65341E-03,+77.99748790E+00
+28.70000E-03,-25.50266E-03,+77.99748790E+00
+28.72500E-03,-55.65341E-03,+78.50000047E+00
+28.75000E-03,-25.50266E-03,+78.29899544E+00
+28.77500E-03,-55.65341E-03,+78.29899544E+00
+28.80000E-03,-25.50266E-03,+78.80150801E+00
+28.82500E-03,-75.75392E-03,+78.29899544E+00
+28.85000E-03,-75.75392E-03,+78.80150801E+00
+28.87500E-03,-75.75392E-03,+79.10301555E+00
+28.90000E-03,-105.90467E-03,+78.80150801E+00
+28.92500E-03,-75.75392E-03,+78.80150801E+00
+28.95000E-03,-75.75392E-03,+78.29899544E+00
+28.97500E-03,-105.90467E-03,+78.80150801E+00
+29.00000E-03,-75.75392E-03,+78.50000047E+00
+29.02500E-03,-126.00517E-03,+79.60552812E+00
+29.05000E-03,-55.65341E-03,+79.30402058E+00
+29.07500E-03,-105.90467E-03,+79.30402058E+00
+29.10000E-03,-75.75392E-03,+78.80150801E+00
+29.12500E-03,-55.65341E-03,+79.60552812E+00
+29.15000E-03,-156.15592E-03,+79.60552812E+00
+29.17500E-03,-156.15592E-03,+79.30402058E+00
+29.20000E-03,-156.15592E-03,+79.30402058E+00
+29.22500E-03,-126.00517E-03,+79.30402058E+00
+29.25000E-03,-186.30668E-03,+79.60552812E+00
+29.27500E-03,-156.15592E-03,+79.10301555E+00
+29.30000E-03,-136.05542E-03,+80.10804068E+00
+29.32500E-03,-105.90467E-03,+79.60552812E+00
+29.35000E-03,-136.05542E-03,+79.60552812E+00
+29.37500E-03,-136.05542E-03,+79.30402058E+00
+29.40000E-03,-186.30668E-03,+79.80653314E+00
+29.42500E-03,-216.45743E-03,+79.60552812E+00
+29.45000E-03,-136.05542E-03,+80.10804068E+00
+29.47500E-03,-186.30668E-03,+79.90703566E+00
+29.50000E-03,-105.90467E-03,+79.60552812E+00
+29.52500E-03,-186.30668E-03,+79.60552812E+00
+29.55000E-03,-186.30668E-03,+80.10804068E+00
+29.57500E-03,-186.30668E-03,+80.40954822E+00
+29.60000E-03,-186.30668E-03,+80.40954822E+00
+29.62500E-03,-216.45743E-03,+80.10804068E+00
+29.65000E-03,-166.20618E-03,+80.40954822E+00
+29.67500E-03,-236.55793E-03,+79.90703566E+00
+29.70000E-03,-266.70869E-03,+80.40954822E+00
+29.72500E-03,-186.30668E-03,+80.40954822E+00
+29.75000E-03,-266.70869E-03,+80.40954822E+00
+29.77500E-03,-266.70869E-03,+80.40954822E+00
+29.80000E-03,-266.70869E-03,+80.71105576E+00
+29.82500E-03,-216.45743E-03,+80.91206079E+00
+29.85000E-03,-246.60818E-03,+81.21356833E+00
+29.87500E-03,-296.85944E-03,+80.61055325E+00
+29.90000E-03,-296.85944E-03,+80.40954822E+00
+29.92500E-03,-296.85944E-03,+81.21356833E+00
+29.95000E-03,-316.95994E-03,+80.91206079E+00
+29.97500E-03,-347.11070E-03,+81.21356833E+00
+30.00000E-03,-347.11070E-03,+81.21356833E+00
+30.02500E-03,-347.11070E-03,+80.71105576E+00
+30.05000E-03,-266.70869E-03,+80.71105576E+00
+30.07500E-03,-296.85944E-03,+81.71608090E+00
+30.10000E-03,-397.36195E-03,+80.71105576E+00
+30.12500E-03,-347.11070E-03,+80.40954822E+00
+30.15000E-03,-316.95994E-03,+81.21356833E+00
+30.17500E-03,-347.11070E-03,+81.51507587E+00
+30.20000E-03,-377.26145E-03,+80.91206079E+00
+30.22500E-03,-397.36195E-03,+81.21356833E+00
+30.25000E-03,-377.26145E-03,+80.71105576E+00
+30.27500E-03,-427.51271E-03,+81.21356833E+00
+30.30000E-03,-427.51271E-03,+81.21356833E+00
+30.32500E-03,-457.66346E-03,+81.71608090E+00
+30.35000E-03,-427.51271E-03,+81.51507587E+00
+30.37500E-03,-397.36195E-03,+82.01758844E+00
+30.40000E-03,-457.66346E-03,+81.71608090E+00
+30.42500E-03,-427.51271E-03,+82.01758844E+00
+30.45000E-03,-477.76396E-03,+81.71608090E+00
+30.47500E-03,-487.81421E-03,+81.01256330E+00
+30.50000E-03,-477.76396E-03,+82.01758844E+00
+30.52500E-03,-477.76396E-03,+81.51507587E+00
+30.55000E-03,-45.60316E-03,-293.97000E-03
+30.57500E-03,+24.74860E-03,+7.53754E-03
+30.60000E-03,+24.74860E-03,-293.97000E-03
+30.62500E-03,-55.65341E-03,+811.55765E-03
+30.65000E-03,-5.40216E-03,+510.05011E-03
+30.67500E-03,+4.64809E-03,+309.04508E-03
+30.70000E-03,-25.50266E-03,+309.04508E-03
+30.72500E-03,-25.50266E-03,-494.97502E-03
+30.75000E-03,-25.50266E-03,+7.53754E-03
+30.77500E-03,+24.74860E-03,+7.53754E-03
+30.80000E-03,+4.64809E-03,+7.53754E-03
+30.82500E-03,+4.64809E-03,+208.54257E-03
+30.85000E-03,-25.50266E-03,+309.04508E-03
+30.87500E-03,-5.40216E-03,+7.53754E-03
+30.90000E-03,-25.50266E-03,+7.53754E-03
+30.92500E-03,-25.50266E-03,+7.53754E-03
+30.95000E-03,-25.50266E-03,+7.53754E-03
+30.97500E-03,-25.50266E-03,+510.05011E-03
+31.00000E-03,-75.75392E-03,+7.53754E-03
+31.02500E-03,-75.75392E-03,-494.97502E-03
+31.05000E-03,-5.40216E-03,-293.97000E-03
+31.07500E-03,-55.65341E-03,+811.55765E-03
+31.10000E-03,-25.50266E-03,+7.53754E-03
+31.12500E-03,+74.99985E-03,-494.97502E-03
+31.15000E-03,+54.89935E-03,+510.05011E-03
+31.17500E-03,-75.75392E-03,+7.53754E-03
+31.20000E-03,-25.50266E-03,-494.97502E-03
+31.22500E-03,+4.64809E-03,+7.53754E-03
+31.25000E-03,-25.50266E-03,+7.53754E-03
+31.27500E-03,-5.40216E-03,+7.53754E-03
+31.30000E-03,+54.89935E-03,+811.55765E-03
+31.32500E-03,-5.40216E-03,+7.53754E-03
+31.35000E-03,-25.50266E-03,-293.97000E-03
+31.37500E-03,-25.50266E-03,-293.97000E-03
+31.40000E-03,-25.50266E-03,+7.53754E-03
+31.42500E-03,+4.64809E-03,-494.97502E-03
+31.45000E-03,-55.65341E-03,+7.53754E-03
+31.47500E-03,+24.74860E-03,+510.05011E-03
+31.50000E-03,+74.99985E-03,-796.48256E-03
+31.52500E-03,+54.89935E-03,+7.53754E-03
+31.55000E-03,-25.50266E-03,+510.05011E-03
+31.57500E-03,-25.50266E-03,-494.97502E-03
+31.60000E-03,-25.50266E-03,+811.55765E-03
+31.62500E-03,+54.89935E-03,+7.53754E-03
+31.65000E-03,-75.75392E-03,+7.53754E-03
+31.67500E-03,+24.74860E-03,-193.46748E-03
+31.70000E-03,-45.60316E-03,+309.04508E-03
+31.72500E-03,+24.74860E-03,+811.55765E-03
+31.75000E-03,-25.50266E-03,+510.05011E-03
+31.77500E-03,+24.74860E-03,+510.05011E-03
+31.80000E-03,+4.64809E-03,+309.04508E-03
+31.82500E-03,-25.50266E-03,-193.46748E-03
+31.85000E-03,-75.75392E-03,+510.05011E-03
+31.87500E-03,+4.64809E-03,-494.97502E-03
+31.90000E-03,-25.50266E-03,-494.97502E-03
+31.92500E-03,+4.64809E-03,+7.53754E-03
+31.95000E-03,+24.74860E-03,+309.04508E-03
+31.97500E-03,+4.64809E-03,+7.53754E-03
+32.00000E-03,-75.75392E-03,+7.53754E-03
+32.02500E-03,-25.50266E-03,+7.53754E-03
+32.05000E-03,+54.89935E-03,-293.97000E-03
+32.07500E-03,+24.74860E-03,-193.46748E-03
+32.10000E-03,+24.74860E-03,+510.05011E-03
+32.12500E-03,-25.50266E-03,-293.97000E-03
+32.15000E-03,-25.50266E-03,+510.05011E-03
+32.17500E-03,-25.50266E-03,+811.55765E-03
+32.20000E-03,+4.64809E-03,+7.53754E-03
+32.22500E-03,-25.50266E-03,+510.05011E-03
+32.25000E-03,-25.50266E-03,+510.05011E-03
+32.27500E-03,+24.74860E-03,-494.97502E-03
+32.30000E-03,-25.50266E-03,+309.04508E-03
+32.32500E-03,-75.75392E-03,-193.46748E-03
+32.35000E-03,-25.50266E-03,+309.04508E-03
+32.37500E-03,-5.40216E-03,+309.04508E-03
+32.40000E-03,-25.50266E-03,-293.97000E-03
+32.42500E-03,-55.65341E-03,+7.53754E-03
+32.45000E-03,+54.89935E-03,+510.05011E-03
+32.47500E-03,+24.74860E-03,+7.53754E-03
+32.50000E-03,+4.64809E-03,+309.04508E-03
+32.52500E-03,-105.90467E-03,+7.53754E-03
+32.55000E-03,+4.64809E-03,+510.05011E-03
+32.57500E-03,+24.74860E-03,+7.53754E-03
+32.60000E-03,-25.50266E-03,+7.53754E-03
+32.62500E-03,-75.75392E-03,+7.53754E-03
+32.65000E-03,+24.74860E-03,+7.53754E-03
+32.67500E-03,-25.50266E-03,+309.04508E-03
+32.70000E-03,-45.60316E-03,+309.04508E-03
+32.72500E-03,+24.74860E-03,+7.53754E-03
+32.75000E-03,-25.50266E-03,+510.05011E-03
+32.77500E-03,+54.89935E-03,-293.97000E-03
+32.80000E-03,-25.50266E-03,+7.53754E-03
+32.82500E-03,-25.50266E-03,+7.53754E-03
+32.85000E-03,+24.74860E-03,+309.04508E-03
+32.87500E-03,-45.60316E-03,+510.05011E-03
